id,script_id,language,label,scenario,wake_variant,text,normalized_text,template_id,split_group,split,source_id,source_license
v4s_ko_964c971854eaf2aa,v4s_ko_964c971854eaf2aa,ko,positive,positive_wake,옥자,옥자,옥자,v4s_ko_964c971854eaf2aa,v4s_ko_964c971854eaf2aa,train,okja_original_scripts,project-owned original text
v4s_ko_a15c8f882aa789ee,v4s_ko_a15c8f882aa789ee,ko,positive,positive_wake,옥자,"옥자, 지금 몇 시야?",옥자 지금 몇 시야,v4s_ko_a15c8f882aa789ee,v4s_ko_a15c8f882aa789ee,train,okja_original_scripts,project-owned original text
v4s_ko_946d8d6bebdd5759,v4s_ko_946d8d6bebdd5759,ko,positive,positive_wake,옥자,"옥자, 오늘 날씨 알려줘.",옥자 오늘 날씨 알려줘,v4s_ko_946d8d6bebdd5759,v4s_ko_946d8d6bebdd5759,train,okja_original_scripts,project-owned original text
v4s_ko_2618e4d8b48936eb,v4s_ko_2618e4d8b48936eb,ko,positive,positive_wake,옥자,"옥자, 불 좀 켜줘.",옥자 불 좀 켜줘,v4s_ko_2618e4d8b48936eb,v4s_ko_2618e4d8b48936eb,train,okja_original_scripts,project-owned original text
v4s_ko_30b9d9b509323be0,v4s_ko_30b9d9b509323be0,ko,positive,positive_wake,옥자,"옥자, 내 휴대폰 찾아줘.",옥자 내 휴대폰 찾아줘,v4s_ko_30b9d9b509323be0,v4s_ko_30b9d9b509323be0,train,okja_original_scripts,project-owned original text
v4s_ko_9f138f7608ddc0a5,v4s_ko_9f138f7608ddc0a5,ko,positive,positive_wake,옥자,"옥자, 엄마한테 전화해줘.",옥자 엄마한테 전화해줘,v4s_ko_9f138f7608ddc0a5,v4s_ko_9f138f7608ddc0a5,train,okja_original_scripts,project-owned original text
v4s_ko_1cdf36ce8b70b5fe,v4s_ko_1cdf36ce8b70b5fe,ko,positive,positive_wake,옥자,"옥자, 음악 틀어줘.",옥자 음악 틀어줘,v4s_ko_1cdf36ce8b70b5fe,v4s_ko_1cdf36ce8b70b5fe,train,okja_original_scripts,project-owned original text
v4s_ko_32416329071e6e2d,v4s_ko_32416329071e6e2d,ko,positive,positive_wake,옥자,"옥자, 내일 일정 알려줘.",옥자 내일 일정 알려줘,v4s_ko_32416329071e6e2d,v4s_ko_32416329071e6e2d,train,okja_original_scripts,project-owned original text
v4s_ko_d0d0479738360dcb,v4s_ko_d0d0479738360dcb,ko,positive,positive_wake,옥자,"옥자, 타이머 맞춰줘.",옥자 타이머 맞춰줘,v4s_ko_d0d0479738360dcb,v4s_ko_d0d0479738360dcb,train,okja_original_scripts,project-owned original text
v4s_ko_89a2942097b4a27b,v4s_ko_89a2942097b4a27b,ko,positive,positive_wake,옥자,"옥자, 거실 불 꺼줘.",옥자 거실 불 꺼줘,v4s_ko_89a2942097b4a27b,v4s_ko_89a2942097b4a27b,validation,okja_original_scripts,project-owned original text
v4s_ko_4d6ed067e4d0d9d0,v4s_ko_4d6ed067e4d0d9d0,ko,positive,positive_wake,옥자,"옥자, 오늘 비 와?",옥자 오늘 비 와,v4s_ko_4d6ed067e4d0d9d0,v4s_ko_4d6ed067e4d0d9d0,train,okja_original_scripts,project-owned original text
v4s_ko_9d7717d9a0c079bb,v4s_ko_9d7717d9a0c079bb,ko,positive,positive_wake,옥자,"옥자, 뉴스 알려줘.",옥자 뉴스 알려줘,v4s_ko_9d7717d9a0c079bb,v4s_ko_9d7717d9a0c079bb,train,okja_original_scripts,project-owned original text
v4s_ko_d34f9d415b4b78a5,v4s_ko_d34f9d415b4b78a5,ko,positive,positive_wake,옥자,"옥자, 소리 조금 줄여줘.",옥자 소리 조금 줄여줘,v4s_ko_d34f9d415b4b78a5,v4s_ko_d34f9d415b4b78a5,train,okja_original_scripts,project-owned original text
v4s_ko_4c56a99c8564ee07,v4s_ko_4c56a99c8564ee07,ko,positive,positive_wake,옥자야,옥자야,옥자야,v4s_ko_4c56a99c8564ee07,v4s_ko_4c56a99c8564ee07,train,okja_original_scripts,project-owned original text
v4s_ko_3a03c15c833247b2,v4s_ko_3a03c15c833247b2,ko,positive,positive_wake,옥자야,"옥자야, 지금 몇 시야?",옥자야 지금 몇 시야,v4s_ko_3a03c15c833247b2,v4s_ko_3a03c15c833247b2,train,okja_original_scripts,project-owned original text
v4s_ko_1c90636075ab4a6b,v4s_ko_1c90636075ab4a6b,ko,positive,positive_wake,옥자야,"옥자야, 오늘 날씨 알려줘.",옥자야 오늘 날씨 알려줘,v4s_ko_1c90636075ab4a6b,v4s_ko_1c90636075ab4a6b,validation,okja_original_scripts,project-owned original text
v4s_ko_d5ab3db0e55b47f3,v4s_ko_d5ab3db0e55b47f3,ko,positive,positive_wake,옥자야,"옥자야, 불 좀 켜줘.",옥자야 불 좀 켜줘,v4s_ko_d5ab3db0e55b47f3,v4s_ko_d5ab3db0e55b47f3,validation,okja_original_scripts,project-owned original text
v4s_ko_34d9057099197fc6,v4s_ko_34d9057099197fc6,ko,positive,positive_wake,옥자야,"옥자야, 내 휴대폰 찾아줘.",옥자야 내 휴대폰 찾아줘,v4s_ko_34d9057099197fc6,v4s_ko_34d9057099197fc6,train,okja_original_scripts,project-owned original text
v4s_ko_21650a3a3c71497f,v4s_ko_21650a3a3c71497f,ko,positive,positive_wake,옥자야,"옥자야, 엄마한테 전화해줘.",옥자야 엄마한테 전화해줘,v4s_ko_21650a3a3c71497f,v4s_ko_21650a3a3c71497f,validation,okja_original_scripts,project-owned original text
v4s_ko_49808b66ac8b8623,v4s_ko_49808b66ac8b8623,ko,positive,positive_wake,옥자야,"옥자야, 음악 틀어줘.",옥자야 음악 틀어줘,v4s_ko_49808b66ac8b8623,v4s_ko_49808b66ac8b8623,train,okja_original_scripts,project-owned original text
v4s_ko_f683eff717fa3cac,v4s_ko_f683eff717fa3cac,ko,positive,positive_wake,옥자야,"옥자야, 내일 일정 알려줘.",옥자야 내일 일정 알려줘,v4s_ko_f683eff717fa3cac,v4s_ko_f683eff717fa3cac,train,okja_original_scripts,project-owned original text
v4s_ko_ae0b0af8e6455fce,v4s_ko_ae0b0af8e6455fce,ko,positive,positive_wake,옥자야,"옥자야, 타이머 맞춰줘.",옥자야 타이머 맞춰줘,v4s_ko_ae0b0af8e6455fce,v4s_ko_ae0b0af8e6455fce,train,okja_original_scripts,project-owned original text
v4s_ko_53fba1e8eb9b4551,v4s_ko_53fba1e8eb9b4551,ko,positive,positive_wake,옥자야,"옥자야, 거실 불 꺼줘.",옥자야 거실 불 꺼줘,v4s_ko_53fba1e8eb9b4551,v4s_ko_53fba1e8eb9b4551,train,okja_original_scripts,project-owned original text
v4s_ko_b66cfbfec5bbe817,v4s_ko_b66cfbfec5bbe817,ko,positive,positive_wake,옥자야,"옥자야, 오늘 비 와?",옥자야 오늘 비 와,v4s_ko_b66cfbfec5bbe817,v4s_ko_b66cfbfec5bbe817,validation,okja_original_scripts,project-owned original text
v4s_ko_ab776fa2a0d79e41,v4s_ko_ab776fa2a0d79e41,ko,positive,positive_wake,옥자야,"옥자야, 뉴스 알려줘.",옥자야 뉴스 알려줘,v4s_ko_ab776fa2a0d79e41,v4s_ko_ab776fa2a0d79e41,train,okja_original_scripts,project-owned original text
v4s_ko_19c31f07a4588199,v4s_ko_19c31f07a4588199,ko,positive,positive_wake,옥자야,"옥자야, 소리 조금 줄여줘.",옥자야 소리 조금 줄여줘,v4s_ko_19c31f07a4588199,v4s_ko_19c31f07a4588199,train,okja_original_scripts,project-owned original text
v4s_ko_b1a99bd761ab9456,v4s_ko_b1a99bd761ab9456,ko,positive,positive_wake,헤이 옥자,헤이 옥자,헤이 옥자,v4s_ko_b1a99bd761ab9456,v4s_ko_b1a99bd761ab9456,train,okja_original_scripts,project-owned original text
v4s_ko_41e0891b2de1443e,v4s_ko_41e0891b2de1443e,ko,positive,positive_wake,헤이 옥자,"헤이 옥자, 지금 몇 시야?",헤이 옥자 지금 몇 시야,v4s_ko_41e0891b2de1443e,v4s_ko_41e0891b2de1443e,train,okja_original_scripts,project-owned original text
v4s_ko_e94a8a57bb0b8fca,v4s_ko_e94a8a57bb0b8fca,ko,positive,positive_wake,헤이 옥자,"헤이 옥자, 오늘 날씨 알려줘.",헤이 옥자 오늘 날씨 알려줘,v4s_ko_e94a8a57bb0b8fca,v4s_ko_e94a8a57bb0b8fca,validation,okja_original_scripts,project-owned original text
v4s_ko_74ae5e0ac1aa1cf5,v4s_ko_74ae5e0ac1aa1cf5,ko,positive,positive_wake,헤이 옥자,"헤이 옥자, 불 좀 켜줘.",헤이 옥자 불 좀 켜줘,v4s_ko_74ae5e0ac1aa1cf5,v4s_ko_74ae5e0ac1aa1cf5,train,okja_original_scripts,project-owned original text
v4s_ko_51d7ef23d669fc24,v4s_ko_51d7ef23d669fc24,ko,positive,positive_wake,헤이 옥자,"헤이 옥자, 내 휴대폰 찾아줘.",헤이 옥자 내 휴대폰 찾아줘,v4s_ko_51d7ef23d669fc24,v4s_ko_51d7ef23d669fc24,train,okja_original_scripts,project-owned original text
v4s_ko_8fd908c8eb25721c,v4s_ko_8fd908c8eb25721c,ko,positive,positive_wake,헤이 옥자,"헤이 옥자, 엄마한테 전화해줘.",헤이 옥자 엄마한테 전화해줘,v4s_ko_8fd908c8eb25721c,v4s_ko_8fd908c8eb25721c,train,okja_original_scripts,project-owned original text
v4s_ko_86e0d5ee35879ed3,v4s_ko_86e0d5ee35879ed3,ko,positive,positive_wake,헤이 옥자,"헤이 옥자, 음악 틀어줘.",헤이 옥자 음악 틀어줘,v4s_ko_86e0d5ee35879ed3,v4s_ko_86e0d5ee35879ed3,train,okja_original_scripts,project-owned original text
v4s_ko_b9fa3c548abf44f2,v4s_ko_b9fa3c548abf44f2,ko,positive,positive_wake,헤이 옥자,"헤이 옥자, 내일 일정 알려줘.",헤이 옥자 내일 일정 알려줘,v4s_ko_b9fa3c548abf44f2,v4s_ko_b9fa3c548abf44f2,train,okja_original_scripts,project-owned original text
v4s_ko_0f7d0dc11cbf61ee,v4s_ko_0f7d0dc11cbf61ee,ko,positive,positive_wake,헤이 옥자,"헤이 옥자, 타이머 맞춰줘.",헤이 옥자 타이머 맞춰줘,v4s_ko_0f7d0dc11cbf61ee,v4s_ko_0f7d0dc11cbf61ee,train,okja_original_scripts,project-owned original text
v4s_ko_704bf5cd3790b189,v4s_ko_704bf5cd3790b189,ko,positive,positive_wake,헤이 옥자,"헤이 옥자, 거실 불 꺼줘.",헤이 옥자 거실 불 꺼줘,v4s_ko_704bf5cd3790b189,v4s_ko_704bf5cd3790b189,train,okja_original_scripts,project-owned original text
v4s_ko_6121bdf5bf963b48,v4s_ko_6121bdf5bf963b48,ko,positive,positive_wake,헤이 옥자,"헤이 옥자, 오늘 비 와?",헤이 옥자 오늘 비 와,v4s_ko_6121bdf5bf963b48,v4s_ko_6121bdf5bf963b48,train,okja_original_scripts,project-owned original text
v4s_ko_67c914b0a735333f,v4s_ko_67c914b0a735333f,ko,positive,positive_wake,헤이 옥자,"헤이 옥자, 뉴스 알려줘.",헤이 옥자 뉴스 알려줘,v4s_ko_67c914b0a735333f,v4s_ko_67c914b0a735333f,validation,okja_original_scripts,project-owned original text
v4s_ko_1ace6872e3f20e8a,v4s_ko_1ace6872e3f20e8a,ko,positive,positive_wake,헤이 옥자,"헤이 옥자, 소리 조금 줄여줘.",헤이 옥자 소리 조금 줄여줘,v4s_ko_1ace6872e3f20e8a,v4s_ko_1ace6872e3f20e8a,train,okja_original_scripts,project-owned original text
v4s_ko_e50000f180b9783b,v4s_ko_e50000f180b9783b,ko,positive,positive_wake,오케이 옥자,오케이 옥자,오케이 옥자,v4s_ko_e50000f180b9783b,v4s_ko_e50000f180b9783b,train,okja_original_scripts,project-owned original text
v4s_ko_be3754023570180a,v4s_ko_be3754023570180a,ko,positive,positive_wake,오케이 옥자,"오케이 옥자, 지금 몇 시야?",오케이 옥자 지금 몇 시야,v4s_ko_be3754023570180a,v4s_ko_be3754023570180a,train,okja_original_scripts,project-owned original text
v4s_ko_61d7028166a4ea7f,v4s_ko_61d7028166a4ea7f,ko,positive,positive_wake,오케이 옥자,"오케이 옥자, 오늘 날씨 알려줘.",오케이 옥자 오늘 날씨 알려줘,v4s_ko_61d7028166a4ea7f,v4s_ko_61d7028166a4ea7f,train,okja_original_scripts,project-owned original text
v4s_ko_5fca3bbeb4a1a5b8,v4s_ko_5fca3bbeb4a1a5b8,ko,positive,positive_wake,오케이 옥자,"오케이 옥자, 불 좀 켜줘.",오케이 옥자 불 좀 켜줘,v4s_ko_5fca3bbeb4a1a5b8,v4s_ko_5fca3bbeb4a1a5b8,validation,okja_original_scripts,project-owned original text
v4s_ko_e0c97886992de7a8,v4s_ko_e0c97886992de7a8,ko,positive,positive_wake,오케이 옥자,"오케이 옥자, 내 휴대폰 찾아줘.",오케이 옥자 내 휴대폰 찾아줘,v4s_ko_e0c97886992de7a8,v4s_ko_e0c97886992de7a8,train,okja_original_scripts,project-owned original text
v4s_ko_cb98eb9ed2ea9096,v4s_ko_cb98eb9ed2ea9096,ko,positive,positive_wake,오케이 옥자,"오케이 옥자, 엄마한테 전화해줘.",오케이 옥자 엄마한테 전화해줘,v4s_ko_cb98eb9ed2ea9096,v4s_ko_cb98eb9ed2ea9096,train,okja_original_scripts,project-owned original text
v4s_ko_453069e04b610725,v4s_ko_453069e04b610725,ko,positive,positive_wake,오케이 옥자,"오케이 옥자, 음악 틀어줘.",오케이 옥자 음악 틀어줘,v4s_ko_453069e04b610725,v4s_ko_453069e04b610725,train,okja_original_scripts,project-owned original text
v4s_ko_a025d5f30fed34ae,v4s_ko_a025d5f30fed34ae,ko,positive,positive_wake,오케이 옥자,"오케이 옥자, 내일 일정 알려줘.",오케이 옥자 내일 일정 알려줘,v4s_ko_a025d5f30fed34ae,v4s_ko_a025d5f30fed34ae,train,okja_original_scripts,project-owned original text
v4s_ko_2e3cfb21b94d12bc,v4s_ko_2e3cfb21b94d12bc,ko,positive,positive_wake,오케이 옥자,"오케이 옥자, 타이머 맞춰줘.",오케이 옥자 타이머 맞춰줘,v4s_ko_2e3cfb21b94d12bc,v4s_ko_2e3cfb21b94d12bc,train,okja_original_scripts,project-owned original text
v4s_ko_19e7e829bf227d0a,v4s_ko_19e7e829bf227d0a,ko,positive,positive_wake,오케이 옥자,"오케이 옥자, 거실 불 꺼줘.",오케이 옥자 거실 불 꺼줘,v4s_ko_19e7e829bf227d0a,v4s_ko_19e7e829bf227d0a,train,okja_original_scripts,project-owned original text
v4s_ko_9ee437c6a35b6afa,v4s_ko_9ee437c6a35b6afa,ko,positive,positive_wake,오케이 옥자,"오케이 옥자, 오늘 비 와?",오케이 옥자 오늘 비 와,v4s_ko_9ee437c6a35b6afa,v4s_ko_9ee437c6a35b6afa,train,okja_original_scripts,project-owned original text
v4s_ko_ea61f09f1e38557f,v4s_ko_ea61f09f1e38557f,ko,positive,positive_wake,오케이 옥자,"오케이 옥자, 뉴스 알려줘.",오케이 옥자 뉴스 알려줘,v4s_ko_ea61f09f1e38557f,v4s_ko_ea61f09f1e38557f,train,okja_original_scripts,project-owned original text
v4s_ko_fb5ebdb01b5ef757,v4s_ko_fb5ebdb01b5ef757,ko,positive,positive_wake,오케이 옥자,"오케이 옥자, 소리 조금 줄여줘.",오케이 옥자 소리 조금 줄여줘,v4s_ko_fb5ebdb01b5ef757,v4s_ko_fb5ebdb01b5ef757,validation,okja_original_scripts,project-owned original text
v4s_en_443e3444bdcb445a,v4s_en_443e3444bdcb445a,en,positive,positive_wake,Okja,Okja,okja,v4s_en_443e3444bdcb445a,v4s_en_443e3444bdcb445a,train,okja_original_scripts,project-owned original text
v4s_en_19b0cb9c85071a46,v4s_en_19b0cb9c85071a46,en,positive,positive_wake,Okja,"Okja, what time is it?",okja what time is it,v4s_en_19b0cb9c85071a46,v4s_en_19b0cb9c85071a46,validation,okja_original_scripts,project-owned original text
v4s_en_9da63ca37a4ff31e,v4s_en_9da63ca37a4ff31e,en,positive,positive_wake,Okja,"Okja, what is the weather today?",okja what is the weather today,v4s_en_9da63ca37a4ff31e,v4s_en_9da63ca37a4ff31e,train,okja_original_scripts,project-owned original text
v4s_en_e81056e38426b5cd,v4s_en_e81056e38426b5cd,en,positive,positive_wake,Okja,"Okja, turn on the light.",okja turn on the light,v4s_en_e81056e38426b5cd,v4s_en_e81056e38426b5cd,train,okja_original_scripts,project-owned original text
v4s_en_7e81c275dcafdb33,v4s_en_7e81c275dcafdb33,en,positive,positive_wake,Okja,"Okja, find my phone.",okja find my phone,v4s_en_7e81c275dcafdb33,v4s_en_7e81c275dcafdb33,train,okja_original_scripts,project-owned original text
v4s_en_6a1721e8075549b5,v4s_en_6a1721e8075549b5,en,positive,positive_wake,Okja,"Okja, call Mom.",okja call mom,v4s_en_6a1721e8075549b5,v4s_en_6a1721e8075549b5,train,okja_original_scripts,project-owned original text
v4s_en_bf88a74840cd32ac,v4s_en_bf88a74840cd32ac,en,positive,positive_wake,Okja,"Okja, play some music.",okja play some music,v4s_en_bf88a74840cd32ac,v4s_en_bf88a74840cd32ac,validation,okja_original_scripts,project-owned original text
v4s_en_28dcab356b8cfc62,v4s_en_28dcab356b8cfc62,en,positive,positive_wake,Okja,"Okja, what is on my schedule tomorrow?",okja what is on my schedule tomorrow,v4s_en_28dcab356b8cfc62,v4s_en_28dcab356b8cfc62,train,okja_original_scripts,project-owned original text
v4s_en_98b2368159c6facf,v4s_en_98b2368159c6facf,en,positive,positive_wake,Okja,"Okja, set a timer.",okja set a timer,v4s_en_98b2368159c6facf,v4s_en_98b2368159c6facf,train,okja_original_scripts,project-owned original text
v4s_en_1ed175eafc38727e,v4s_en_1ed175eafc38727e,en,positive,positive_wake,Okja,"Okja, turn off the living room light.",okja turn off the living room light,v4s_en_1ed175eafc38727e,v4s_en_1ed175eafc38727e,train,okja_original_scripts,project-owned original text
v4s_en_5e6f693e3ca598c4,v4s_en_5e6f693e3ca598c4,en,positive,positive_wake,Okja,"Okja, is it going to rain today?",okja is it going to rain today,v4s_en_5e6f693e3ca598c4,v4s_en_5e6f693e3ca598c4,train,okja_original_scripts,project-owned original text
v4s_en_40bd470ce3f3766a,v4s_en_40bd470ce3f3766a,en,positive,positive_wake,Hey Okja,Hey Okja,hey okja,v4s_en_40bd470ce3f3766a,v4s_en_40bd470ce3f3766a,train,okja_original_scripts,project-owned original text
v4s_en_8ea7f29a279aa303,v4s_en_8ea7f29a279aa303,en,positive,positive_wake,Hey Okja,"Hey Okja, what time is it?",hey okja what time is it,v4s_en_8ea7f29a279aa303,v4s_en_8ea7f29a279aa303,train,okja_original_scripts,project-owned original text
v4s_en_a8f8b7dd1be6fa08,v4s_en_a8f8b7dd1be6fa08,en,positive,positive_wake,Hey Okja,"Hey Okja, what is the weather today?",hey okja what is the weather today,v4s_en_a8f8b7dd1be6fa08,v4s_en_a8f8b7dd1be6fa08,train,okja_original_scripts,project-owned original text
v4s_en_5640574896d340d2,v4s_en_5640574896d340d2,en,positive,positive_wake,Hey Okja,"Hey Okja, turn on the light.",hey okja turn on the light,v4s_en_5640574896d340d2,v4s_en_5640574896d340d2,train,okja_original_scripts,project-owned original text
v4s_en_ef2a51d404982b5d,v4s_en_ef2a51d404982b5d,en,positive,positive_wake,Hey Okja,"Hey Okja, find my phone.",hey okja find my phone,v4s_en_ef2a51d404982b5d,v4s_en_ef2a51d404982b5d,validation,okja_original_scripts,project-owned original text
v4s_en_d3c7184e8cf079ef,v4s_en_d3c7184e8cf079ef,en,positive,positive_wake,Hey Okja,"Hey Okja, call Mom.",hey okja call mom,v4s_en_d3c7184e8cf079ef,v4s_en_d3c7184e8cf079ef,validation,okja_original_scripts,project-owned original text
v4s_en_07afbcb2fc86387c,v4s_en_07afbcb2fc86387c,en,positive,positive_wake,Hey Okja,"Hey Okja, play some music.",hey okja play some music,v4s_en_07afbcb2fc86387c,v4s_en_07afbcb2fc86387c,validation,okja_original_scripts,project-owned original text
v4s_en_c97ffa5d841ff9ae,v4s_en_c97ffa5d841ff9ae,en,positive,positive_wake,Hey Okja,"Hey Okja, what is on my schedule tomorrow?",hey okja what is on my schedule tomorrow,v4s_en_c97ffa5d841ff9ae,v4s_en_c97ffa5d841ff9ae,train,okja_original_scripts,project-owned original text
v4s_en_01dbb6ef5e633aec,v4s_en_01dbb6ef5e633aec,en,positive,positive_wake,Hey Okja,"Hey Okja, set a timer.",hey okja set a timer,v4s_en_01dbb6ef5e633aec,v4s_en_01dbb6ef5e633aec,validation,okja_original_scripts,project-owned original text
v4s_en_b4273f84047365f2,v4s_en_b4273f84047365f2,en,positive,positive_wake,Hey Okja,"Hey Okja, turn off the living room light.",hey okja turn off the living room light,v4s_en_b4273f84047365f2,v4s_en_b4273f84047365f2,validation,okja_original_scripts,project-owned original text
v4s_en_16d46cfdb76ba26c,v4s_en_16d46cfdb76ba26c,en,positive,positive_wake,Hey Okja,"Hey Okja, is it going to rain today?",hey okja is it going to rain today,v4s_en_16d46cfdb76ba26c,v4s_en_16d46cfdb76ba26c,validation,okja_original_scripts,project-owned original text
v4s_en_66efa3305679b0ec,v4s_en_66efa3305679b0ec,en,positive,positive_wake,Okay Okja,Okay Okja,okay okja,v4s_en_66efa3305679b0ec,v4s_en_66efa3305679b0ec,validation,okja_original_scripts,project-owned original text
v4s_en_956808106ed5af8d,v4s_en_956808106ed5af8d,en,positive,positive_wake,Okay Okja,"Okay Okja, what time is it?",okay okja what time is it,v4s_en_956808106ed5af8d,v4s_en_956808106ed5af8d,train,okja_original_scripts,project-owned original text
v4s_en_b9a5ce7acf4e7255,v4s_en_b9a5ce7acf4e7255,en,positive,positive_wake,Okay Okja,"Okay Okja, what is the weather today?",okay okja what is the weather today,v4s_en_b9a5ce7acf4e7255,v4s_en_b9a5ce7acf4e7255,train,okja_original_scripts,project-owned original text
v4s_en_6d2d215a5920a5b5,v4s_en_6d2d215a5920a5b5,en,positive,positive_wake,Okay Okja,"Okay Okja, turn on the light.",okay okja turn on the light,v4s_en_6d2d215a5920a5b5,v4s_en_6d2d215a5920a5b5,validation,okja_original_scripts,project-owned original text
v4s_en_6dbf6b8e944cfaed,v4s_en_6dbf6b8e944cfaed,en,positive,positive_wake,Okay Okja,"Okay Okja, find my phone.",okay okja find my phone,v4s_en_6dbf6b8e944cfaed,v4s_en_6dbf6b8e944cfaed,train,okja_original_scripts,project-owned original text
v4s_en_f78f6fc361d07458,v4s_en_f78f6fc361d07458,en,positive,positive_wake,Okay Okja,"Okay Okja, call Mom.",okay okja call mom,v4s_en_f78f6fc361d07458,v4s_en_f78f6fc361d07458,validation,okja_original_scripts,project-owned original text
v4s_en_7a35fb140e6efd4c,v4s_en_7a35fb140e6efd4c,en,positive,positive_wake,Okay Okja,"Okay Okja, play some music.",okay okja play some music,v4s_en_7a35fb140e6efd4c,v4s_en_7a35fb140e6efd4c,train,okja_original_scripts,project-owned original text
v4s_en_f5e6de27d2127698,v4s_en_f5e6de27d2127698,en,positive,positive_wake,Okay Okja,"Okay Okja, what is on my schedule tomorrow?",okay okja what is on my schedule tomorrow,v4s_en_f5e6de27d2127698,v4s_en_f5e6de27d2127698,train,okja_original_scripts,project-owned original text
v4s_en_529faddd292d36ab,v4s_en_529faddd292d36ab,en,positive,positive_wake,Okay Okja,"Okay Okja, set a timer.",okay okja set a timer,v4s_en_529faddd292d36ab,v4s_en_529faddd292d36ab,validation,okja_original_scripts,project-owned original text
v4s_en_bc738d3a592027cf,v4s_en_bc738d3a592027cf,en,positive,positive_wake,Okay Okja,"Okay Okja, turn off the living room light.",okay okja turn off the living room light,v4s_en_bc738d3a592027cf,v4s_en_bc738d3a592027cf,train,okja_original_scripts,project-owned original text
v4s_en_d2838cf15f3fb40a,v4s_en_d2838cf15f3fb40a,en,positive,positive_wake,Okay Okja,"Okay Okja, is it going to rain today?",okay okja is it going to rain today,v4s_en_d2838cf15f3fb40a,v4s_en_d2838cf15f3fb40a,train,okja_original_scripts,project-owned original text
v4s_ko_f52f1b275bef5d3b,v4s_ko_f52f1b275bef5d3b,ko,negative,ordinary_negative,,점심에 그 사람 이름이 뭐였지?,점심에 그 사람 이름이 뭐였지,v4s_ko_f52f1b275bef5d3b,v4s_ko_f52f1b275bef5d3b,validation,okja_original_scripts,project-owned original text
v4s_ko_eeef98b20bea05ae,v4s_ko_eeef98b20bea05ae,ko,negative,ordinary_negative,,텔레비전 보다가 커피 한 잔 마실래?,텔레비전 보다가 커피 한 잔 마실래,v4s_ko_eeef98b20bea05ae,v4s_ko_eeef98b20bea05ae,train,okja_original_scripts,project-owned original text
v4s_ko_ea2cfe0d137409b2,v4s_ko_ea2cfe0d137409b2,ko,negative,ordinary_negative,,내일 이거 어디에서 샀어?,내일 이거 어디에서 샀어,v4s_ko_ea2cfe0d137409b2,v4s_ko_ea2cfe0d137409b2,train,okja_original_scripts,project-owned original text
v4s_ko_13ef064776c85e5d,v4s_ko_13ef064776c85e5d,ko,negative,ordinary_negative,,저녁에 창문 좀 닫아줘.,저녁에 창문 좀 닫아줘,v4s_ko_13ef064776c85e5d,v4s_ko_13ef064776c85e5d,train,okja_original_scripts,project-owned original text
v4s_ko_635504d9cd5c8d82,v4s_ko_635504d9cd5c8d82,ko,negative,ordinary_negative,,전화 끝나고 오늘은 집에서 쉬고 싶어.,전화 끝나고 오늘은 집에서 쉬고 싶어,v4s_ko_635504d9cd5c8d82,v4s_ko_635504d9cd5c8d82,train,okja_original_scripts,project-owned original text
v4s_ko_798339720fc6ef74,v4s_ko_798339720fc6ef74,ko,negative,ordinary_negative,,주말에 창문 좀 닫아줘.,주말에 창문 좀 닫아줘,v4s_ko_798339720fc6ef74,v4s_ko_798339720fc6ef74,train,okja_original_scripts,project-owned original text
v4s_ko_cd5255af1ddae10d,v4s_ko_cd5255af1ddae10d,ko,negative,ordinary_negative,,밖에 나가기 전에 그 사람 이름이 뭐였지?,밖에 나가기 전에 그 사람 이름이 뭐였지,v4s_ko_cd5255af1ddae10d,v4s_ko_cd5255af1ddae10d,train,okja_original_scripts,project-owned original text
v4s_ko_3ae11a20919d6b70,v4s_ko_3ae11a20919d6b70,ko,negative,ordinary_negative,,밥 먹고 그 사람 이름이 뭐였지?,밥 먹고 그 사람 이름이 뭐였지,v4s_ko_3ae11a20919d6b70,v4s_ko_3ae11a20919d6b70,train,okja_original_scripts,project-owned original text
v4s_ko_8a75c4a39e4f37c7,v4s_ko_8a75c4a39e4f37c7,ko,negative,ordinary_negative,,텔레비전 보다가 전화가 계속 오네.,텔레비전 보다가 전화가 계속 오네,v4s_ko_8a75c4a39e4f37c7,v4s_ko_8a75c4a39e4f37c7,train,okja_original_scripts,project-owned original text
v4s_ko_f55924c0c8bc8611,v4s_ko_f55924c0c8bc8611,ko,negative,ordinary_negative,,전화 끝나고 소리가 너무 큰 것 같아.,전화 끝나고 소리가 너무 큰 것 같아,v4s_ko_f55924c0c8bc8611,v4s_ko_f55924c0c8bc8611,train,okja_original_scripts,project-owned original text
v4s_ko_e593952a787ce1f9,v4s_ko_e593952a787ce1f9,ko,negative,ordinary_negative,,밥 먹고 조금 있다가 다시 이야기하자.,밥 먹고 조금 있다가 다시 이야기하자,v4s_ko_e593952a787ce1f9,v4s_ko_e593952a787ce1f9,validation,okja_original_scripts,project-owned original text
v4s_ko_379b7cbfc8e9f0fa,v4s_ko_379b7cbfc8e9f0fa,ko,negative,ordinary_negative,,주말에 비가 오는 것 같아.,주말에 비가 오는 것 같아,v4s_ko_379b7cbfc8e9f0fa,v4s_ko_379b7cbfc8e9f0fa,train,okja_original_scripts,project-owned original text
v4s_ko_702212c938c94046,v4s_ko_702212c938c94046,ko,negative,ordinary_negative,,아까 몇 시에 출발할 거야?,아까 몇 시에 출발할 거야,v4s_ko_702212c938c94046,v4s_ko_702212c938c94046,train,okja_original_scripts,project-owned original text
v4s_ko_f1390338896c1649,v4s_ko_f1390338896c1649,ko,negative,ordinary_negative,,집에 오면 몇 시에 출발할 거야?,집에 오면 몇 시에 출발할 거야,v4s_ko_f1390338896c1649,v4s_ko_f1390338896c1649,train,okja_original_scripts,project-owned original text
v4s_ko_2934438231e639be,v4s_ko_2934438231e639be,ko,negative,ordinary_negative,,텔레비전 보다가 택배 어디 뒀어?,텔레비전 보다가 택배 어디 뒀어,v4s_ko_2934438231e639be,v4s_ko_2934438231e639be,train,okja_original_scripts,project-owned original text
v4s_ko_66bbf0e83d67b901,v4s_ko_66bbf0e83d67b901,ko,negative,ordinary_negative,,밥 먹고 이거 어디에서 샀어?,밥 먹고 이거 어디에서 샀어,v4s_ko_66bbf0e83d67b901,v4s_ko_66bbf0e83d67b901,train,okja_original_scripts,project-owned original text
v4s_ko_8bb29ab480e8beb2,v4s_ko_8bb29ab480e8beb2,ko,negative,ordinary_negative,,밖에 나가기 전에 조금 있다가 다시 이야기하자.,밖에 나가기 전에 조금 있다가 다시 이야기하자,v4s_ko_8bb29ab480e8beb2,v4s_ko_8bb29ab480e8beb2,train,okja_original_scripts,project-owned original text
v4s_ko_8be13178ec684916,v4s_ko_8be13178ec684916,ko,negative,ordinary_negative,,저녁에 잠깐만 기다려 봐.,저녁에 잠깐만 기다려 봐,v4s_ko_8be13178ec684916,v4s_ko_8be13178ec684916,train,okja_original_scripts,project-owned original text
v4s_ko_8633f4c49d769f26,v4s_ko_8633f4c49d769f26,ko,negative,ordinary_negative,,오늘 냉장고에 넣어 놨어.,오늘 냉장고에 넣어 놨어,v4s_ko_8633f4c49d769f26,v4s_ko_8633f4c49d769f26,train,okja_original_scripts,project-owned original text
v4s_ko_99cb926fa78f8605,v4s_ko_99cb926fa78f8605,ko,negative,ordinary_negative,,점심에 조금 있다가 다시 이야기하자.,점심에 조금 있다가 다시 이야기하자,v4s_ko_99cb926fa78f8605,v4s_ko_99cb926fa78f8605,train,okja_original_scripts,project-owned original text
v4s_ko_a9e27d84e2c3cbc5,v4s_ko_a9e27d84e2c3cbc5,ko,negative,ordinary_negative,,아까 택배 어디 뒀어?,아까 택배 어디 뒀어,v4s_ko_a9e27d84e2c3cbc5,v4s_ko_a9e27d84e2c3cbc5,validation,okja_original_scripts,project-owned original text
v4s_ko_cba2ea8144fd661c,v4s_ko_cba2ea8144fd661c,ko,negative,ordinary_negative,,밥 먹고 택배 어디 뒀어?,밥 먹고 택배 어디 뒀어,v4s_ko_cba2ea8144fd661c,v4s_ko_cba2ea8144fd661c,train,okja_original_scripts,project-owned original text
v4s_ko_386364d0cb8a5e19,v4s_ko_386364d0cb8a5e19,ko,negative,ordinary_negative,,내일 조금 있다가 다시 이야기하자.,내일 조금 있다가 다시 이야기하자,v4s_ko_386364d0cb8a5e19,v4s_ko_386364d0cb8a5e19,train,okja_original_scripts,project-owned original text
v4s_ko_f43dcf2ec07638d4,v4s_ko_f43dcf2ec07638d4,ko,negative,ordinary_negative,,밥 먹고 소리가 너무 큰 것 같아.,밥 먹고 소리가 너무 큰 것 같아,v4s_ko_f43dcf2ec07638d4,v4s_ko_f43dcf2ec07638d4,train,okja_original_scripts,project-owned original text
v4s_ko_3a62cefe3daa849d,v4s_ko_3a62cefe3daa849d,ko,negative,ordinary_negative,,저녁에 문이 열려 있는 것 같은데.,저녁에 문이 열려 있는 것 같은데,v4s_ko_3a62cefe3daa849d,v4s_ko_3a62cefe3daa849d,validation,okja_original_scripts,project-owned original text
v4s_ko_1cde4a4f0c9f4902,v4s_ko_1cde4a4f0c9f4902,ko,negative,ordinary_negative,,아까 오늘은 집에서 쉬고 싶어.,아까 오늘은 집에서 쉬고 싶어,v4s_ko_1cde4a4f0c9f4902,v4s_ko_1cde4a4f0c9f4902,train,okja_original_scripts,project-owned original text
v4s_ko_2b50ab94d9869be3,v4s_ko_2b50ab94d9869be3,ko,negative,ordinary_negative,,아까 커피 한 잔 마실래?,아까 커피 한 잔 마실래,v4s_ko_2b50ab94d9869be3,v4s_ko_2b50ab94d9869be3,train,okja_original_scripts,project-owned original text
v4s_ko_3c770d5e47581db7,v4s_ko_3c770d5e47581db7,ko,negative,ordinary_negative,,집에 오면 비가 오는 것 같아.,집에 오면 비가 오는 것 같아,v4s_ko_3c770d5e47581db7,v4s_ko_3c770d5e47581db7,train,okja_original_scripts,project-owned original text
v4s_ko_809567dd09dd1245,v4s_ko_809567dd09dd1245,ko,negative,ordinary_negative,,점심에 냉장고에 넣어 놨어.,점심에 냉장고에 넣어 놨어,v4s_ko_809567dd09dd1245,v4s_ko_809567dd09dd1245,train,okja_original_scripts,project-owned original text
v4s_ko_392048de6ab7e504,v4s_ko_392048de6ab7e504,ko,negative,ordinary_negative,,밖에 나가기 전에 냉장고에 넣어 놨어.,밖에 나가기 전에 냉장고에 넣어 놨어,v4s_ko_392048de6ab7e504,v4s_ko_392048de6ab7e504,train,okja_original_scripts,project-owned original text
v4s_ko_0b7eabac4e1ff9a6,v4s_ko_0b7eabac4e1ff9a6,ko,negative,ordinary_negative,,아까 조금 있다가 다시 이야기하자.,아까 조금 있다가 다시 이야기하자,v4s_ko_0b7eabac4e1ff9a6,v4s_ko_0b7eabac4e1ff9a6,train,okja_original_scripts,project-owned original text
v4s_ko_33f521535d29125f,v4s_ko_33f521535d29125f,ko,negative,ordinary_negative,,오늘 조금 있다가 다시 이야기하자.,오늘 조금 있다가 다시 이야기하자,v4s_ko_33f521535d29125f,v4s_ko_33f521535d29125f,validation,okja_original_scripts,project-owned original text
v4s_ko_81aa4d54a7c7ca71,v4s_ko_81aa4d54a7c7ca71,ko,negative,ordinary_negative,,점심에 커피 한 잔 마실래?,점심에 커피 한 잔 마실래,v4s_ko_81aa4d54a7c7ca71,v4s_ko_81aa4d54a7c7ca71,train,okja_original_scripts,project-owned original text
v4s_ko_affffb58389eae6c,v4s_ko_affffb58389eae6c,ko,negative,ordinary_negative,,오늘 뭐 먹을까?,오늘 뭐 먹을까,v4s_ko_affffb58389eae6c,v4s_ko_affffb58389eae6c,train,okja_original_scripts,project-owned original text
v4s_ko_85575e5c1a5494d9,v4s_ko_85575e5c1a5494d9,ko,negative,ordinary_negative,,내일 오늘은 집에서 쉬고 싶어.,내일 오늘은 집에서 쉬고 싶어,v4s_ko_85575e5c1a5494d9,v4s_ko_85575e5c1a5494d9,train,okja_original_scripts,project-owned original text
v4s_ko_e9ea74dce37669ea,v4s_ko_e9ea74dce37669ea,ko,negative,ordinary_negative,,주말에 몇 시에 출발할 거야?,주말에 몇 시에 출발할 거야,v4s_ko_e9ea74dce37669ea,v4s_ko_e9ea74dce37669ea,train,okja_original_scripts,project-owned original text
v4s_ko_764232be68d45267,v4s_ko_764232be68d45267,ko,negative,ordinary_negative,,주말에 뭐 먹을까?,주말에 뭐 먹을까,v4s_ko_764232be68d45267,v4s_ko_764232be68d45267,train,okja_original_scripts,project-owned original text
v4s_ko_3bb262f660daf7cd,v4s_ko_3bb262f660daf7cd,ko,negative,ordinary_negative,,밖에 나가기 전에 잠깐만 기다려 봐.,밖에 나가기 전에 잠깐만 기다려 봐,v4s_ko_3bb262f660daf7cd,v4s_ko_3bb262f660daf7cd,train,okja_original_scripts,project-owned original text
v4s_ko_30a3035431b9e217,v4s_ko_30a3035431b9e217,ko,negative,ordinary_negative,,내일 커피 한 잔 마실래?,내일 커피 한 잔 마실래,v4s_ko_30a3035431b9e217,v4s_ko_30a3035431b9e217,validation,okja_original_scripts,project-owned original text
v4s_ko_8b28ab57497c002f,v4s_ko_8b28ab57497c002f,ko,negative,ordinary_negative,,밖에 나가기 전에 몇 시에 출발할 거야?,밖에 나가기 전에 몇 시에 출발할 거야,v4s_ko_8b28ab57497c002f,v4s_ko_8b28ab57497c002f,train,okja_original_scripts,project-owned original text
v4s_ko_fcb92f567e74f4aa,v4s_ko_fcb92f567e74f4aa,ko,negative,ordinary_negative,,아까 잠깐만 기다려 봐.,아까 잠깐만 기다려 봐,v4s_ko_fcb92f567e74f4aa,v4s_ko_fcb92f567e74f4aa,train,okja_original_scripts,project-owned original text
v4s_ko_50b9aaa6d17e4f3a,v4s_ko_50b9aaa6d17e4f3a,ko,negative,ordinary_negative,,집에 오면 그 사람 이름이 뭐였지?,집에 오면 그 사람 이름이 뭐였지,v4s_ko_50b9aaa6d17e4f3a,v4s_ko_50b9aaa6d17e4f3a,validation,okja_original_scripts,project-owned original text
v4s_ko_f346c3978e935b54,v4s_ko_f346c3978e935b54,ko,negative,ordinary_negative,,지금 이거 어디에서 샀어?,지금 이거 어디에서 샀어,v4s_ko_f346c3978e935b54,v4s_ko_f346c3978e935b54,train,okja_original_scripts,project-owned original text
v4s_ko_31fba97d4196c8e0,v4s_ko_31fba97d4196c8e0,ko,negative,ordinary_negative,,텔레비전 보다가 이거 어디에서 샀어?,텔레비전 보다가 이거 어디에서 샀어,v4s_ko_31fba97d4196c8e0,v4s_ko_31fba97d4196c8e0,train,okja_original_scripts,project-owned original text
v4s_ko_28500fa2ef7d625b,v4s_ko_28500fa2ef7d625b,ko,negative,ordinary_negative,,텔레비전 보다가 문이 열려 있는 것 같은데.,텔레비전 보다가 문이 열려 있는 것 같은데,v4s_ko_28500fa2ef7d625b,v4s_ko_28500fa2ef7d625b,train,okja_original_scripts,project-owned original text
v4s_ko_3cf6e0d7e786e278,v4s_ko_3cf6e0d7e786e278,ko,negative,ordinary_negative,,저녁에 전화가 계속 오네.,저녁에 전화가 계속 오네,v4s_ko_3cf6e0d7e786e278,v4s_ko_3cf6e0d7e786e278,train,okja_original_scripts,project-owned original text
v4s_ko_c5b9324132c9c25f,v4s_ko_c5b9324132c9c25f,ko,negative,ordinary_negative,,밥 먹고 전화가 계속 오네.,밥 먹고 전화가 계속 오네,v4s_ko_c5b9324132c9c25f,v4s_ko_c5b9324132c9c25f,train,okja_original_scripts,project-owned original text
v4s_ko_166de8686e3cd857,v4s_ko_166de8686e3cd857,ko,negative,ordinary_negative,,아까 뭐 먹을까?,아까 뭐 먹을까,v4s_ko_166de8686e3cd857,v4s_ko_166de8686e3cd857,train,okja_original_scripts,project-owned original text
v4s_ko_7963c7600c382cba,v4s_ko_7963c7600c382cba,ko,negative,ordinary_negative,,주말에 커피 한 잔 마실래?,주말에 커피 한 잔 마실래,v4s_ko_7963c7600c382cba,v4s_ko_7963c7600c382cba,train,okja_original_scripts,project-owned original text
v4s_ko_259d7f3324866a67,v4s_ko_259d7f3324866a67,ko,negative,ordinary_negative,,오늘 창문 좀 닫아줘.,오늘 창문 좀 닫아줘,v4s_ko_259d7f3324866a67,v4s_ko_259d7f3324866a67,train,okja_original_scripts,project-owned original text
v4s_ko_cf4562d65e5dafae,v4s_ko_cf4562d65e5dafae,ko,negative,ordinary_negative,,밥 먹고 냉장고에 넣어 놨어.,밥 먹고 냉장고에 넣어 놨어,v4s_ko_cf4562d65e5dafae,v4s_ko_cf4562d65e5dafae,train,okja_original_scripts,project-owned original text
v4s_ko_4d11260f6c30799a,v4s_ko_4d11260f6c30799a,ko,negative,ordinary_negative,,집에 오면 냉장고에 넣어 놨어.,집에 오면 냉장고에 넣어 놨어,v4s_ko_4d11260f6c30799a,v4s_ko_4d11260f6c30799a,train,okja_original_scripts,project-owned original text
v4s_ko_375179abce742510,v4s_ko_375179abce742510,ko,negative,ordinary_negative,,텔레비전 보다가 몇 시에 출발할 거야?,텔레비전 보다가 몇 시에 출발할 거야,v4s_ko_375179abce742510,v4s_ko_375179abce742510,validation,okja_original_scripts,project-owned original text
v4s_ko_53b9f773db2cb7e3,v4s_ko_53b9f773db2cb7e3,ko,negative,ordinary_negative,,전화 끝나고 몇 시에 출발할 거야?,전화 끝나고 몇 시에 출발할 거야,v4s_ko_53b9f773db2cb7e3,v4s_ko_53b9f773db2cb7e3,train,okja_original_scripts,project-owned original text
v4s_ko_67e337337ef077c6,v4s_ko_67e337337ef077c6,ko,negative,ordinary_negative,,점심에 오늘은 집에서 쉬고 싶어.,점심에 오늘은 집에서 쉬고 싶어,v4s_ko_67e337337ef077c6,v4s_ko_67e337337ef077c6,validation,okja_original_scripts,project-owned original text
v4s_ko_a1bd10bcd28e8616,v4s_ko_a1bd10bcd28e8616,ko,negative,ordinary_negative,,저녁에 냉장고에 넣어 놨어.,저녁에 냉장고에 넣어 놨어,v4s_ko_a1bd10bcd28e8616,v4s_ko_a1bd10bcd28e8616,train,okja_original_scripts,project-owned original text
v4s_ko_9780bc603d08ba86,v4s_ko_9780bc603d08ba86,ko,negative,ordinary_negative,,주말에 잠깐만 기다려 봐.,주말에 잠깐만 기다려 봐,v4s_ko_9780bc603d08ba86,v4s_ko_9780bc603d08ba86,train,okja_original_scripts,project-owned original text
v4s_ko_246f33e88ad601f3,v4s_ko_246f33e88ad601f3,ko,negative,ordinary_negative,,지금 조금 있다가 다시 이야기하자.,지금 조금 있다가 다시 이야기하자,v4s_ko_246f33e88ad601f3,v4s_ko_246f33e88ad601f3,train,okja_original_scripts,project-owned original text
v4s_ko_db8fb37f1c2f2fed,v4s_ko_db8fb37f1c2f2fed,ko,negative,ordinary_negative,,지금 잠깐만 기다려 봐.,지금 잠깐만 기다려 봐,v4s_ko_db8fb37f1c2f2fed,v4s_ko_db8fb37f1c2f2fed,train,okja_original_scripts,project-owned original text
v4s_ko_e9752bc8d054fcb9,v4s_ko_e9752bc8d054fcb9,ko,negative,ordinary_negative,,오늘 소리가 너무 큰 것 같아.,오늘 소리가 너무 큰 것 같아,v4s_ko_e9752bc8d054fcb9,v4s_ko_e9752bc8d054fcb9,train,okja_original_scripts,project-owned original text
v4s_ko_3935e06f8efd850f,v4s_ko_3935e06f8efd850f,ko,negative,ordinary_negative,,전화 끝나고 잠깐만 기다려 봐.,전화 끝나고 잠깐만 기다려 봐,v4s_ko_3935e06f8efd850f,v4s_ko_3935e06f8efd850f,train,okja_original_scripts,project-owned original text
v4s_ko_075aeeefd6ebf9c8,v4s_ko_075aeeefd6ebf9c8,ko,negative,ordinary_negative,,오늘 문이 열려 있는 것 같은데.,오늘 문이 열려 있는 것 같은데,v4s_ko_075aeeefd6ebf9c8,v4s_ko_075aeeefd6ebf9c8,train,okja_original_scripts,project-owned original text
v4s_ko_07da1f98a2b4f4b2,v4s_ko_07da1f98a2b4f4b2,ko,negative,ordinary_negative,,전화 끝나고 비가 오는 것 같아.,전화 끝나고 비가 오는 것 같아,v4s_ko_07da1f98a2b4f4b2,v4s_ko_07da1f98a2b4f4b2,train,okja_original_scripts,project-owned original text
v4s_ko_543ade7ec0efd251,v4s_ko_543ade7ec0efd251,ko,negative,ordinary_negative,,저녁에 커피 한 잔 마실래?,저녁에 커피 한 잔 마실래,v4s_ko_543ade7ec0efd251,v4s_ko_543ade7ec0efd251,train,okja_original_scripts,project-owned original text
v4s_ko_0d72b6ced577b130,v4s_ko_0d72b6ced577b130,ko,negative,ordinary_negative,,오늘 그 사람 이름이 뭐였지?,오늘 그 사람 이름이 뭐였지,v4s_ko_0d72b6ced577b130,v4s_ko_0d72b6ced577b130,train,okja_original_scripts,project-owned original text
v4s_ko_0e36895b7e784a72,v4s_ko_0e36895b7e784a72,ko,negative,ordinary_negative,,지금 전화가 계속 오네.,지금 전화가 계속 오네,v4s_ko_0e36895b7e784a72,v4s_ko_0e36895b7e784a72,train,okja_original_scripts,project-owned original text
v4s_ko_7e372cb172c21626,v4s_ko_7e372cb172c21626,ko,negative,ordinary_negative,,지금 냉장고에 넣어 놨어.,지금 냉장고에 넣어 놨어,v4s_ko_7e372cb172c21626,v4s_ko_7e372cb172c21626,validation,okja_original_scripts,project-owned original text
v4s_ko_a1a28ec9dd7adfb7,v4s_ko_a1a28ec9dd7adfb7,ko,negative,ordinary_negative,,오늘 택배 어디 뒀어?,오늘 택배 어디 뒀어,v4s_ko_a1a28ec9dd7adfb7,v4s_ko_a1a28ec9dd7adfb7,train,okja_original_scripts,project-owned original text
v4s_ko_34d0fd3320861ca0,v4s_ko_34d0fd3320861ca0,ko,negative,ordinary_negative,,오늘 전화가 계속 오네.,오늘 전화가 계속 오네,v4s_ko_34d0fd3320861ca0,v4s_ko_34d0fd3320861ca0,train,okja_original_scripts,project-owned original text
v4s_ko_2a5ab6de119e6bb4,v4s_ko_2a5ab6de119e6bb4,ko,negative,ordinary_negative,,점심에 잠깐만 기다려 봐.,점심에 잠깐만 기다려 봐,v4s_ko_2a5ab6de119e6bb4,v4s_ko_2a5ab6de119e6bb4,train,okja_original_scripts,project-owned original text
v4s_ko_24ef57fcfd9020d3,v4s_ko_24ef57fcfd9020d3,ko,negative,ordinary_negative,,텔레비전 보다가 오늘은 집에서 쉬고 싶어.,텔레비전 보다가 오늘은 집에서 쉬고 싶어,v4s_ko_24ef57fcfd9020d3,v4s_ko_24ef57fcfd9020d3,train,okja_original_scripts,project-owned original text
v4s_ko_240bc881868743da,v4s_ko_240bc881868743da,ko,negative,ordinary_negative,,내일 냉장고에 넣어 놨어.,내일 냉장고에 넣어 놨어,v4s_ko_240bc881868743da,v4s_ko_240bc881868743da,train,okja_original_scripts,project-owned original text
v4s_ko_3822fc50cb4367d4,v4s_ko_3822fc50cb4367d4,ko,negative,ordinary_negative,,밥 먹고 오늘은 집에서 쉬고 싶어.,밥 먹고 오늘은 집에서 쉬고 싶어,v4s_ko_3822fc50cb4367d4,v4s_ko_3822fc50cb4367d4,train,okja_original_scripts,project-owned original text
v4s_ko_6d03104a965870fd,v4s_ko_6d03104a965870fd,ko,negative,ordinary_negative,,전화 끝나고 창문 좀 닫아줘.,전화 끝나고 창문 좀 닫아줘,v4s_ko_6d03104a965870fd,v4s_ko_6d03104a965870fd,train,okja_original_scripts,project-owned original text
v4s_ko_412962546797f8f5,v4s_ko_412962546797f8f5,ko,negative,ordinary_negative,,밖에 나가기 전에 문이 열려 있는 것 같은데.,밖에 나가기 전에 문이 열려 있는 것 같은데,v4s_ko_412962546797f8f5,v4s_ko_412962546797f8f5,train,okja_original_scripts,project-owned original text
v4s_ko_0c4a2498618a98dd,v4s_ko_0c4a2498618a98dd,ko,negative,ordinary_negative,,내일 문이 열려 있는 것 같은데.,내일 문이 열려 있는 것 같은데,v4s_ko_0c4a2498618a98dd,v4s_ko_0c4a2498618a98dd,validation,okja_original_scripts,project-owned original text
v4s_ko_97083434e7085fd1,v4s_ko_97083434e7085fd1,ko,negative,ordinary_negative,,저녁에 조금 있다가 다시 이야기하자.,저녁에 조금 있다가 다시 이야기하자,v4s_ko_97083434e7085fd1,v4s_ko_97083434e7085fd1,train,okja_original_scripts,project-owned original text
v4s_ko_b70b5c2f15ac6410,v4s_ko_b70b5c2f15ac6410,ko,negative,ordinary_negative,,주말에 오늘은 집에서 쉬고 싶어.,주말에 오늘은 집에서 쉬고 싶어,v4s_ko_b70b5c2f15ac6410,v4s_ko_b70b5c2f15ac6410,validation,okja_original_scripts,project-owned original text
v4s_ko_7300e3f32bf02b0d,v4s_ko_7300e3f32bf02b0d,ko,negative,ordinary_negative,,아까 비가 오는 것 같아.,아까 비가 오는 것 같아,v4s_ko_7300e3f32bf02b0d,v4s_ko_7300e3f32bf02b0d,train,okja_original_scripts,project-owned original text
v4s_ko_9b454eef37569429,v4s_ko_9b454eef37569429,ko,negative,ordinary_negative,,오늘 몇 시에 출발할 거야?,오늘 몇 시에 출발할 거야,v4s_ko_9b454eef37569429,v4s_ko_9b454eef37569429,train,okja_original_scripts,project-owned original text
v4s_ko_668de66e4e9a75dc,v4s_ko_668de66e4e9a75dc,ko,negative,ordinary_negative,,밖에 나가기 전에 소리가 너무 큰 것 같아.,밖에 나가기 전에 소리가 너무 큰 것 같아,v4s_ko_668de66e4e9a75dc,v4s_ko_668de66e4e9a75dc,train,okja_original_scripts,project-owned original text
v4s_ko_85034cb5326cf5e0,v4s_ko_85034cb5326cf5e0,ko,negative,ordinary_negative,,주말에 소리가 너무 큰 것 같아.,주말에 소리가 너무 큰 것 같아,v4s_ko_85034cb5326cf5e0,v4s_ko_85034cb5326cf5e0,train,okja_original_scripts,project-owned original text
v4s_ko_b5722b35d5461f17,v4s_ko_b5722b35d5461f17,ko,negative,ordinary_negative,,전화 끝나고 커피 한 잔 마실래?,전화 끝나고 커피 한 잔 마실래,v4s_ko_b5722b35d5461f17,v4s_ko_b5722b35d5461f17,train,okja_original_scripts,project-owned original text
v4s_ko_377aa3d07c24e393,v4s_ko_377aa3d07c24e393,ko,negative,ordinary_negative,,전화 끝나고 전화가 계속 오네.,전화 끝나고 전화가 계속 오네,v4s_ko_377aa3d07c24e393,v4s_ko_377aa3d07c24e393,train,okja_original_scripts,project-owned original text
v4s_ko_9a2b5015f60464a6,v4s_ko_9a2b5015f60464a6,ko,negative,ordinary_negative,,점심에 문이 열려 있는 것 같은데.,점심에 문이 열려 있는 것 같은데,v4s_ko_9a2b5015f60464a6,v4s_ko_9a2b5015f60464a6,train,okja_original_scripts,project-owned original text
v4s_ko_2a8ac060e8623939,v4s_ko_2a8ac060e8623939,ko,negative,ordinary_negative,,주말에 문이 열려 있는 것 같은데.,주말에 문이 열려 있는 것 같은데,v4s_ko_2a8ac060e8623939,v4s_ko_2a8ac060e8623939,train,okja_original_scripts,project-owned original text
v4s_ko_e53262c7ef5f996e,v4s_ko_e53262c7ef5f996e,ko,negative,ordinary_negative,,밖에 나가기 전에 이거 어디에서 샀어?,밖에 나가기 전에 이거 어디에서 샀어,v4s_ko_e53262c7ef5f996e,v4s_ko_e53262c7ef5f996e,train,okja_original_scripts,project-owned original text
v4s_ko_df9099abf748191a,v4s_ko_df9099abf748191a,ko,negative,ordinary_negative,,지금 그 사람 이름이 뭐였지?,지금 그 사람 이름이 뭐였지,v4s_ko_df9099abf748191a,v4s_ko_df9099abf748191a,validation,okja_original_scripts,project-owned original text
v4s_ko_73f85e2e6ed0c6ca,v4s_ko_73f85e2e6ed0c6ca,ko,negative,ordinary_negative,,저녁에 뭐 먹을까?,저녁에 뭐 먹을까,v4s_ko_73f85e2e6ed0c6ca,v4s_ko_73f85e2e6ed0c6ca,train,okja_original_scripts,project-owned original text
v4s_ko_8d653324195a24c7,v4s_ko_8d653324195a24c7,ko,negative,ordinary_negative,,내일 몇 시에 출발할 거야?,내일 몇 시에 출발할 거야,v4s_ko_8d653324195a24c7,v4s_ko_8d653324195a24c7,train,okja_original_scripts,project-owned original text
v4s_ko_8e53396860d03b77,v4s_ko_8e53396860d03b77,ko,negative,ordinary_negative,,내일 소리가 너무 큰 것 같아.,내일 소리가 너무 큰 것 같아,v4s_ko_8e53396860d03b77,v4s_ko_8e53396860d03b77,train,okja_original_scripts,project-owned original text
v4s_ko_954cff5a67e86e48,v4s_ko_954cff5a67e86e48,ko,negative,ordinary_negative,,주말에 이거 어디에서 샀어?,주말에 이거 어디에서 샀어,v4s_ko_954cff5a67e86e48,v4s_ko_954cff5a67e86e48,train,okja_original_scripts,project-owned original text
v4s_ko_34c8c4d3036997b4,v4s_ko_34c8c4d3036997b4,ko,negative,ordinary_negative,,점심에 창문 좀 닫아줘.,점심에 창문 좀 닫아줘,v4s_ko_34c8c4d3036997b4,v4s_ko_34c8c4d3036997b4,train,okja_original_scripts,project-owned original text
v4s_ko_531340ffee45c0a7,v4s_ko_531340ffee45c0a7,ko,negative,ordinary_negative,,집에 오면 소리가 너무 큰 것 같아.,집에 오면 소리가 너무 큰 것 같아,v4s_ko_531340ffee45c0a7,v4s_ko_531340ffee45c0a7,train,okja_original_scripts,project-owned original text
v4s_ko_79c7c6d2e69f5dfb,v4s_ko_79c7c6d2e69f5dfb,ko,negative,ordinary_negative,,주말에 전화가 계속 오네.,주말에 전화가 계속 오네,v4s_ko_79c7c6d2e69f5dfb,v4s_ko_79c7c6d2e69f5dfb,train,okja_original_scripts,project-owned original text
v4s_ko_1f1f3fa088516337,v4s_ko_1f1f3fa088516337,ko,negative,ordinary_negative,,주말에 그 사람 이름이 뭐였지?,주말에 그 사람 이름이 뭐였지,v4s_ko_1f1f3fa088516337,v4s_ko_1f1f3fa088516337,train,okja_original_scripts,project-owned original text
v4s_ko_78446e239d62257d,v4s_ko_78446e239d62257d,ko,negative,ordinary_negative,,텔레비전 보다가 조금 있다가 다시 이야기하자.,텔레비전 보다가 조금 있다가 다시 이야기하자,v4s_ko_78446e239d62257d,v4s_ko_78446e239d62257d,train,okja_original_scripts,project-owned original text
v4s_ko_8da316084bc2d4ea,v4s_ko_8da316084bc2d4ea,ko,negative,ordinary_negative,,텔레비전 보다가 잠깐만 기다려 봐.,텔레비전 보다가 잠깐만 기다려 봐,v4s_ko_8da316084bc2d4ea,v4s_ko_8da316084bc2d4ea,train,okja_original_scripts,project-owned original text
v4s_ko_671eda6d8a5c06da,v4s_ko_671eda6d8a5c06da,ko,negative,ordinary_negative,,지금 오늘은 집에서 쉬고 싶어.,지금 오늘은 집에서 쉬고 싶어,v4s_ko_671eda6d8a5c06da,v4s_ko_671eda6d8a5c06da,validation,okja_original_scripts,project-owned original text
v4s_ko_8a0ea43be3115cae,v4s_ko_8a0ea43be3115cae,ko,negative,ordinary_negative,,저녁에 비가 오는 것 같아.,저녁에 비가 오는 것 같아,v4s_ko_8a0ea43be3115cae,v4s_ko_8a0ea43be3115cae,train,okja_original_scripts,project-owned original text
v4s_ko_8247c6f12f8e9d12,v4s_ko_8247c6f12f8e9d12,ko,negative,ordinary_negative,,내일 그 사람 이름이 뭐였지?,내일 그 사람 이름이 뭐였지,v4s_ko_8247c6f12f8e9d12,v4s_ko_8247c6f12f8e9d12,validation,okja_original_scripts,project-owned original text
v4s_ko_8fbcf892b0bbeb20,v4s_ko_8fbcf892b0bbeb20,ko,negative,ordinary_negative,,아까 그 사람 이름이 뭐였지?,아까 그 사람 이름이 뭐였지,v4s_ko_8fbcf892b0bbeb20,v4s_ko_8fbcf892b0bbeb20,train,okja_original_scripts,project-owned original text
v4s_ko_0bf28ee5c2d7ce8a,v4s_ko_0bf28ee5c2d7ce8a,ko,negative,ordinary_negative,,집에 오면 조금 있다가 다시 이야기하자.,집에 오면 조금 있다가 다시 이야기하자,v4s_ko_0bf28ee5c2d7ce8a,v4s_ko_0bf28ee5c2d7ce8a,train,okja_original_scripts,project-owned original text
v4s_ko_ae2d61d9c19c4315,v4s_ko_ae2d61d9c19c4315,ko,negative,ordinary_negative,,집에 오면 오늘은 집에서 쉬고 싶어.,집에 오면 오늘은 집에서 쉬고 싶어,v4s_ko_ae2d61d9c19c4315,v4s_ko_ae2d61d9c19c4315,train,okja_original_scripts,project-owned original text
v4s_ko_bde0de68c5f296e3,v4s_ko_bde0de68c5f296e3,ko,negative,ordinary_negative,,전화 끝나고 그 사람 이름이 뭐였지?,전화 끝나고 그 사람 이름이 뭐였지,v4s_ko_bde0de68c5f296e3,v4s_ko_bde0de68c5f296e3,train,okja_original_scripts,project-owned original text
v4s_ko_59c464e08e1d5894,v4s_ko_59c464e08e1d5894,ko,negative,ordinary_negative,,지금 소리가 너무 큰 것 같아.,지금 소리가 너무 큰 것 같아,v4s_ko_59c464e08e1d5894,v4s_ko_59c464e08e1d5894,validation,okja_original_scripts,project-owned original text
v4s_ko_6cb743354117992f,v4s_ko_6cb743354117992f,ko,negative,ordinary_negative,,텔레비전 보다가 냉장고에 넣어 놨어.,텔레비전 보다가 냉장고에 넣어 놨어,v4s_ko_6cb743354117992f,v4s_ko_6cb743354117992f,train,okja_original_scripts,project-owned original text
v4s_ko_15cf376263db82bf,v4s_ko_15cf376263db82bf,ko,negative,ordinary_negative,,밖에 나가기 전에 비가 오는 것 같아.,밖에 나가기 전에 비가 오는 것 같아,v4s_ko_15cf376263db82bf,v4s_ko_15cf376263db82bf,train,okja_original_scripts,project-owned original text
v4s_ko_1d972f0697232ca4,v4s_ko_1d972f0697232ca4,ko,negative,ordinary_negative,,저녁에 오늘은 집에서 쉬고 싶어.,저녁에 오늘은 집에서 쉬고 싶어,v4s_ko_1d972f0697232ca4,v4s_ko_1d972f0697232ca4,validation,okja_original_scripts,project-owned original text
v4s_ko_49cf183927ce4f0e,v4s_ko_49cf183927ce4f0e,ko,negative,ordinary_negative,,내일 전화가 계속 오네.,내일 전화가 계속 오네,v4s_ko_49cf183927ce4f0e,v4s_ko_49cf183927ce4f0e,train,okja_original_scripts,project-owned original text
v4s_ko_18028d9c7e78db3b,v4s_ko_18028d9c7e78db3b,ko,negative,ordinary_negative,,밖에 나가기 전에 택배 어디 뒀어?,밖에 나가기 전에 택배 어디 뒀어,v4s_ko_18028d9c7e78db3b,v4s_ko_18028d9c7e78db3b,train,okja_original_scripts,project-owned original text
v4s_ko_f9149a433927b5c6,v4s_ko_f9149a433927b5c6,ko,negative,ordinary_negative,,텔레비전 보다가 그 사람 이름이 뭐였지?,텔레비전 보다가 그 사람 이름이 뭐였지,v4s_ko_f9149a433927b5c6,v4s_ko_f9149a433927b5c6,train,okja_original_scripts,project-owned original text
v4s_ko_6c72ace985599967,v4s_ko_6c72ace985599967,ko,negative,ordinary_negative,,텔레비전 보다가 뭐 먹을까?,텔레비전 보다가 뭐 먹을까,v4s_ko_6c72ace985599967,v4s_ko_6c72ace985599967,train,okja_original_scripts,project-owned original text
v4s_ko_ec05801bb7049948,v4s_ko_ec05801bb7049948,ko,negative,ordinary_negative,,오늘 이거 어디에서 샀어?,오늘 이거 어디에서 샀어,v4s_ko_ec05801bb7049948,v4s_ko_ec05801bb7049948,train,okja_original_scripts,project-owned original text
v4s_ko_7c7b1ee048c2be2e,v4s_ko_7c7b1ee048c2be2e,ko,negative,ordinary_negative,,저녁에 몇 시에 출발할 거야?,저녁에 몇 시에 출발할 거야,v4s_ko_7c7b1ee048c2be2e,v4s_ko_7c7b1ee048c2be2e,train,okja_original_scripts,project-owned original text
v4s_ko_dcbc7a9d3e2b0fba,v4s_ko_dcbc7a9d3e2b0fba,ko,negative,ordinary_negative,,저녁에 그 사람 이름이 뭐였지?,저녁에 그 사람 이름이 뭐였지,v4s_ko_dcbc7a9d3e2b0fba,v4s_ko_dcbc7a9d3e2b0fba,train,okja_original_scripts,project-owned original text
v4s_ko_24e4036b473aeb3c,v4s_ko_24e4036b473aeb3c,ko,negative,ordinary_negative,,점심에 몇 시에 출발할 거야?,점심에 몇 시에 출발할 거야,v4s_ko_24e4036b473aeb3c,v4s_ko_24e4036b473aeb3c,train,okja_original_scripts,project-owned original text
v4s_ko_e93d848d752742b7,v4s_ko_e93d848d752742b7,ko,negative,ordinary_negative,,아까 냉장고에 넣어 놨어.,아까 냉장고에 넣어 놨어,v4s_ko_e93d848d752742b7,v4s_ko_e93d848d752742b7,train,okja_original_scripts,project-owned original text
v4s_ko_94247aa7f81cf6c4,v4s_ko_94247aa7f81cf6c4,ko,negative,ordinary_negative,,집에 오면 택배 어디 뒀어?,집에 오면 택배 어디 뒀어,v4s_ko_94247aa7f81cf6c4,v4s_ko_94247aa7f81cf6c4,train,okja_original_scripts,project-owned original text
v4s_ko_e1b3234d0d271626,v4s_ko_e1b3234d0d271626,ko,negative,ordinary_negative,,밥 먹고 커피 한 잔 마실래?,밥 먹고 커피 한 잔 마실래,v4s_ko_e1b3234d0d271626,v4s_ko_e1b3234d0d271626,train,okja_original_scripts,project-owned original text
v4s_ko_c80f65594e0464c6,v4s_ko_c80f65594e0464c6,ko,negative,ordinary_negative,,지금 커피 한 잔 마실래?,지금 커피 한 잔 마실래,v4s_ko_c80f65594e0464c6,v4s_ko_c80f65594e0464c6,train,okja_original_scripts,project-owned original text
v4s_ko_994cc6bc120c0926,v4s_ko_994cc6bc120c0926,ko,negative,ordinary_negative,,밥 먹고 창문 좀 닫아줘.,밥 먹고 창문 좀 닫아줘,v4s_ko_994cc6bc120c0926,v4s_ko_994cc6bc120c0926,train,okja_original_scripts,project-owned original text
v4s_ko_25741d8073d274df,v4s_ko_25741d8073d274df,ko,negative,ordinary_negative,,밥 먹고 문이 열려 있는 것 같은데.,밥 먹고 문이 열려 있는 것 같은데,v4s_ko_25741d8073d274df,v4s_ko_25741d8073d274df,train,okja_original_scripts,project-owned original text
v4s_ko_2679682b6e8ea36a,v4s_ko_2679682b6e8ea36a,ko,negative,ordinary_negative,,집에 오면 전화가 계속 오네.,집에 오면 전화가 계속 오네,v4s_ko_2679682b6e8ea36a,v4s_ko_2679682b6e8ea36a,train,okja_original_scripts,project-owned original text
v4s_ko_7068728dc4cc5a25,v4s_ko_7068728dc4cc5a25,ko,negative,ordinary_negative,,집에 오면 이거 어디에서 샀어?,집에 오면 이거 어디에서 샀어,v4s_ko_7068728dc4cc5a25,v4s_ko_7068728dc4cc5a25,train,okja_original_scripts,project-owned original text
v4s_ko_25a4dba65dd3be14,v4s_ko_25a4dba65dd3be14,ko,negative,ordinary_negative,,밖에 나가기 전에 전화가 계속 오네.,밖에 나가기 전에 전화가 계속 오네,v4s_ko_25a4dba65dd3be14,v4s_ko_25a4dba65dd3be14,train,okja_original_scripts,project-owned original text
v4s_ko_30bbb8f6e28fc946,v4s_ko_30bbb8f6e28fc946,ko,negative,ordinary_negative,,아까 이거 어디에서 샀어?,아까 이거 어디에서 샀어,v4s_ko_30bbb8f6e28fc946,v4s_ko_30bbb8f6e28fc946,train,okja_original_scripts,project-owned original text
v4s_ko_38257b4d4279a9cc,v4s_ko_38257b4d4279a9cc,ko,negative,ordinary_negative,,지금 비가 오는 것 같아.,지금 비가 오는 것 같아,v4s_ko_38257b4d4279a9cc,v4s_ko_38257b4d4279a9cc,train,okja_original_scripts,project-owned original text
v4s_ko_17915f0862fc3683,v4s_ko_17915f0862fc3683,ko,negative,ordinary_negative,,전화 끝나고 뭐 먹을까?,전화 끝나고 뭐 먹을까,v4s_ko_17915f0862fc3683,v4s_ko_17915f0862fc3683,validation,okja_original_scripts,project-owned original text
v4s_ko_66c38d39662ed0a0,v4s_ko_66c38d39662ed0a0,ko,negative,ordinary_negative,,점심에 소리가 너무 큰 것 같아.,점심에 소리가 너무 큰 것 같아,v4s_ko_66c38d39662ed0a0,v4s_ko_66c38d39662ed0a0,validation,okja_original_scripts,project-owned original text
v4s_ko_e220ee96eeba9d0d,v4s_ko_e220ee96eeba9d0d,ko,negative,ordinary_negative,,집에 오면 커피 한 잔 마실래?,집에 오면 커피 한 잔 마실래,v4s_ko_e220ee96eeba9d0d,v4s_ko_e220ee96eeba9d0d,validation,okja_original_scripts,project-owned original text
v4s_ko_44b76a8975e96380,v4s_ko_44b76a8975e96380,ko,negative,ordinary_negative,,주말에 조금 있다가 다시 이야기하자.,주말에 조금 있다가 다시 이야기하자,v4s_ko_44b76a8975e96380,v4s_ko_44b76a8975e96380,train,okja_original_scripts,project-owned original text
v4s_ko_26c1d2475e3e7e03,v4s_ko_26c1d2475e3e7e03,ko,negative,ordinary_negative,,내일 비가 오는 것 같아.,내일 비가 오는 것 같아,v4s_ko_26c1d2475e3e7e03,v4s_ko_26c1d2475e3e7e03,train,okja_original_scripts,project-owned original text
v4s_ko_c1f2841f3c352690,v4s_ko_c1f2841f3c352690,ko,negative,ordinary_negative,,텔레비전 보다가 소리가 너무 큰 것 같아.,텔레비전 보다가 소리가 너무 큰 것 같아,v4s_ko_c1f2841f3c352690,v4s_ko_c1f2841f3c352690,train,okja_original_scripts,project-owned original text
v4s_ko_cd12c755e11625ca,v4s_ko_cd12c755e11625ca,ko,negative,ordinary_negative,,전화 끝나고 이거 어디에서 샀어?,전화 끝나고 이거 어디에서 샀어,v4s_ko_cd12c755e11625ca,v4s_ko_cd12c755e11625ca,train,okja_original_scripts,project-owned original text
v4s_ko_95823c1b81b3b0e7,v4s_ko_95823c1b81b3b0e7,ko,negative,ordinary_negative,,주말에 냉장고에 넣어 놨어.,주말에 냉장고에 넣어 놨어,v4s_ko_95823c1b81b3b0e7,v4s_ko_95823c1b81b3b0e7,train,okja_original_scripts,project-owned original text
v4s_ko_d9c2f3f2c493b6aa,v4s_ko_d9c2f3f2c493b6aa,ko,negative,ordinary_negative,,지금 창문 좀 닫아줘.,지금 창문 좀 닫아줘,v4s_ko_d9c2f3f2c493b6aa,v4s_ko_d9c2f3f2c493b6aa,train,okja_original_scripts,project-owned original text
v4s_ko_f5b333f18ecf2d2c,v4s_ko_f5b333f18ecf2d2c,ko,negative,ordinary_negative,,내일 뭐 먹을까?,내일 뭐 먹을까,v4s_ko_f5b333f18ecf2d2c,v4s_ko_f5b333f18ecf2d2c,validation,okja_original_scripts,project-owned original text
v4s_ko_d876f8447dd0b377,v4s_ko_d876f8447dd0b377,ko,negative,ordinary_negative,,오늘 비가 오는 것 같아.,오늘 비가 오는 것 같아,v4s_ko_d876f8447dd0b377,v4s_ko_d876f8447dd0b377,train,okja_original_scripts,project-owned original text
v4s_ko_7141f3b0f6ead9ec,v4s_ko_7141f3b0f6ead9ec,ko,negative,ordinary_negative,,전화 끝나고 냉장고에 넣어 놨어.,전화 끝나고 냉장고에 넣어 놨어,v4s_ko_7141f3b0f6ead9ec,v4s_ko_7141f3b0f6ead9ec,train,okja_original_scripts,project-owned original text
v4s_ko_13f2dc6758e4dc44,v4s_ko_13f2dc6758e4dc44,ko,negative,ordinary_negative,,내일 잠깐만 기다려 봐.,내일 잠깐만 기다려 봐,v4s_ko_13f2dc6758e4dc44,v4s_ko_13f2dc6758e4dc44,train,okja_original_scripts,project-owned original text
v4s_ko_bf36548338210e3b,v4s_ko_bf36548338210e3b,ko,negative,ordinary_negative,,저녁에 이거 어디에서 샀어?,저녁에 이거 어디에서 샀어,v4s_ko_bf36548338210e3b,v4s_ko_bf36548338210e3b,train,okja_original_scripts,project-owned original text
v4s_ko_3a62a2286132df60,v4s_ko_3a62a2286132df60,ko,negative,ordinary_negative,,아까 창문 좀 닫아줘.,아까 창문 좀 닫아줘,v4s_ko_3a62a2286132df60,v4s_ko_3a62a2286132df60,train,okja_original_scripts,project-owned original text
v4s_ko_98ea631543b512eb,v4s_ko_98ea631543b512eb,ko,negative,ordinary_negative,,점심에 전화가 계속 오네.,점심에 전화가 계속 오네,v4s_ko_98ea631543b512eb,v4s_ko_98ea631543b512eb,train,okja_original_scripts,project-owned original text
v4s_ko_e4fb95d0c0bf16d8,v4s_ko_e4fb95d0c0bf16d8,ko,negative,ordinary_negative,,밖에 나가기 전에 뭐 먹을까?,밖에 나가기 전에 뭐 먹을까,v4s_ko_e4fb95d0c0bf16d8,v4s_ko_e4fb95d0c0bf16d8,train,okja_original_scripts,project-owned original text
v4s_ko_16d50ecdf9686889,v4s_ko_16d50ecdf9686889,ko,negative,ordinary_negative,,아까 소리가 너무 큰 것 같아.,아까 소리가 너무 큰 것 같아,v4s_ko_16d50ecdf9686889,v4s_ko_16d50ecdf9686889,train,okja_original_scripts,project-owned original text
v4s_ko_1cbee6ee7ef92c4c,v4s_ko_1cbee6ee7ef92c4c,ko,negative,ordinary_negative,,집에 오면 뭐 먹을까?,집에 오면 뭐 먹을까,v4s_ko_1cbee6ee7ef92c4c,v4s_ko_1cbee6ee7ef92c4c,train,okja_original_scripts,project-owned original text
v4s_ko_0169e60408513adb,v4s_ko_0169e60408513adb,ko,negative,ordinary_negative,,밖에 나가기 전에 창문 좀 닫아줘.,밖에 나가기 전에 창문 좀 닫아줘,v4s_ko_0169e60408513adb,v4s_ko_0169e60408513adb,train,okja_original_scripts,project-owned original text
v4s_ko_020ac2e0fa76982f,v4s_ko_020ac2e0fa76982f,ko,negative,ordinary_negative,,점심에 이거 어디에서 샀어?,점심에 이거 어디에서 샀어,v4s_ko_020ac2e0fa76982f,v4s_ko_020ac2e0fa76982f,validation,okja_original_scripts,project-owned original text
v4s_ko_d2c93583d6d0b362,v4s_ko_d2c93583d6d0b362,ko,negative,ordinary_negative,,지금 문이 열려 있는 것 같은데.,지금 문이 열려 있는 것 같은데,v4s_ko_d2c93583d6d0b362,v4s_ko_d2c93583d6d0b362,train,okja_original_scripts,project-owned original text
v4s_ko_edcaa83e409f2b25,v4s_ko_edcaa83e409f2b25,ko,negative,ordinary_negative,,텔레비전 보다가 창문 좀 닫아줘.,텔레비전 보다가 창문 좀 닫아줘,v4s_ko_edcaa83e409f2b25,v4s_ko_edcaa83e409f2b25,train,okja_original_scripts,project-owned original text
v4s_ko_2b4d9d981298111f,v4s_ko_2b4d9d981298111f,ko,negative,ordinary_negative,,내일 택배 어디 뒀어?,내일 택배 어디 뒀어,v4s_ko_2b4d9d981298111f,v4s_ko_2b4d9d981298111f,validation,okja_original_scripts,project-owned original text
v4s_ko_d3cd81ee176f33a0,v4s_ko_d3cd81ee176f33a0,ko,negative,ordinary_negative,,전화 끝나고 택배 어디 뒀어?,전화 끝나고 택배 어디 뒀어,v4s_ko_d3cd81ee176f33a0,v4s_ko_d3cd81ee176f33a0,train,okja_original_scripts,project-owned original text
v4s_ko_b81b80aae116ccec,v4s_ko_b81b80aae116ccec,ko,negative,ordinary_negative,,밖에 나가기 전에 커피 한 잔 마실래?,밖에 나가기 전에 커피 한 잔 마실래,v4s_ko_b81b80aae116ccec,v4s_ko_b81b80aae116ccec,validation,okja_original_scripts,project-owned original text
v4s_ko_5ef78a1bd4795f62,v4s_ko_5ef78a1bd4795f62,ko,negative,ordinary_negative,,밖에 나가기 전에 오늘은 집에서 쉬고 싶어.,밖에 나가기 전에 오늘은 집에서 쉬고 싶어,v4s_ko_5ef78a1bd4795f62,v4s_ko_5ef78a1bd4795f62,validation,okja_original_scripts,project-owned original text
v4s_ko_c022c27219aab9af,v4s_ko_c022c27219aab9af,ko,negative,ordinary_negative,,전화 끝나고 조금 있다가 다시 이야기하자.,전화 끝나고 조금 있다가 다시 이야기하자,v4s_ko_c022c27219aab9af,v4s_ko_c022c27219aab9af,train,okja_original_scripts,project-owned original text
v4s_ko_afb34b760d27899d,v4s_ko_afb34b760d27899d,ko,negative,ordinary_negative,,집에 오면 문이 열려 있는 것 같은데.,집에 오면 문이 열려 있는 것 같은데,v4s_ko_afb34b760d27899d,v4s_ko_afb34b760d27899d,validation,okja_original_scripts,project-owned original text
v4s_ko_900bdd8298437f5e,v4s_ko_900bdd8298437f5e,ko,negative,ordinary_negative,,아까 전화가 계속 오네.,아까 전화가 계속 오네,v4s_ko_900bdd8298437f5e,v4s_ko_900bdd8298437f5e,train,okja_original_scripts,project-owned original text
v4s_ko_aad257c7c1bc5bd8,v4s_ko_aad257c7c1bc5bd8,ko,negative,ordinary_negative,,저녁에 소리가 너무 큰 것 같아.,저녁에 소리가 너무 큰 것 같아,v4s_ko_aad257c7c1bc5bd8,v4s_ko_aad257c7c1bc5bd8,validation,okja_original_scripts,project-owned original text
v4s_ko_82121b273f010e48,v4s_ko_82121b273f010e48,ko,negative,ordinary_negative,,점심에 뭐 먹을까?,점심에 뭐 먹을까,v4s_ko_82121b273f010e48,v4s_ko_82121b273f010e48,train,okja_original_scripts,project-owned original text
v4s_ko_b3f370bc76a37a7d,v4s_ko_b3f370bc76a37a7d,ko,negative,ordinary_negative,,오늘 오늘은 집에서 쉬고 싶어.,오늘 오늘은 집에서 쉬고 싶어,v4s_ko_b3f370bc76a37a7d,v4s_ko_b3f370bc76a37a7d,train,okja_original_scripts,project-owned original text
v4s_ko_2426ba1d25d304f8,v4s_ko_2426ba1d25d304f8,ko,negative,ordinary_negative,,지금 몇 시에 출발할 거야?,지금 몇 시에 출발할 거야,v4s_ko_2426ba1d25d304f8,v4s_ko_2426ba1d25d304f8,train,okja_original_scripts,project-owned original text
v4s_ko_b04dddabf855ad66,v4s_ko_b04dddabf855ad66,ko,negative,ordinary_negative,,밥 먹고 비가 오는 것 같아.,밥 먹고 비가 오는 것 같아,v4s_ko_b04dddabf855ad66,v4s_ko_b04dddabf855ad66,train,okja_original_scripts,project-owned original text
v4s_ko_9d9680b70c2d9f06,v4s_ko_9d9680b70c2d9f06,ko,negative,ordinary_negative,,지금 뭐 먹을까?,지금 뭐 먹을까,v4s_ko_9d9680b70c2d9f06,v4s_ko_9d9680b70c2d9f06,train,okja_original_scripts,project-owned original text
v4s_ko_ea1ed180c858438b,v4s_ko_ea1ed180c858438b,ko,negative,ordinary_negative,,아까 문이 열려 있는 것 같은데.,아까 문이 열려 있는 것 같은데,v4s_ko_ea1ed180c858438b,v4s_ko_ea1ed180c858438b,train,okja_original_scripts,project-owned original text
v4s_ko_2ecc83b1f4b11ded,v4s_ko_2ecc83b1f4b11ded,ko,negative,ordinary_negative,,주말에 택배 어디 뒀어?,주말에 택배 어디 뒀어,v4s_ko_2ecc83b1f4b11ded,v4s_ko_2ecc83b1f4b11ded,train,okja_original_scripts,project-owned original text
v4s_ko_e7b7231e2b99b964,v4s_ko_e7b7231e2b99b964,ko,negative,ordinary_negative,,밥 먹고 뭐 먹을까?,밥 먹고 뭐 먹을까,v4s_ko_e7b7231e2b99b964,v4s_ko_e7b7231e2b99b964,validation,okja_original_scripts,project-owned original text
v4s_ko_2d10256345c7482b,v4s_ko_2d10256345c7482b,ko,negative,ordinary_negative,,집에 오면 잠깐만 기다려 봐.,집에 오면 잠깐만 기다려 봐,v4s_ko_2d10256345c7482b,v4s_ko_2d10256345c7482b,train,okja_original_scripts,project-owned original text
v4s_ko_f12a005a9e23f648,v4s_ko_f12a005a9e23f648,ko,negative,ordinary_negative,,지금 택배 어디 뒀어?,지금 택배 어디 뒀어,v4s_ko_f12a005a9e23f648,v4s_ko_f12a005a9e23f648,train,okja_original_scripts,project-owned original text
v4s_ko_06462bd571bda0e4,v4s_ko_06462bd571bda0e4,ko,negative,ordinary_negative,,텔레비전 보다가 비가 오는 것 같아.,텔레비전 보다가 비가 오는 것 같아,v4s_ko_06462bd571bda0e4,v4s_ko_06462bd571bda0e4,train,okja_original_scripts,project-owned original text
v4s_ko_e49dca8771a28ca3,v4s_ko_e49dca8771a28ca3,ko,negative,ordinary_negative,,오늘 커피 한 잔 마실래?,오늘 커피 한 잔 마실래,v4s_ko_e49dca8771a28ca3,v4s_ko_e49dca8771a28ca3,validation,okja_original_scripts,project-owned original text
v4s_ko_65bd3cd192223cdd,v4s_ko_65bd3cd192223cdd,ko,negative,ordinary_negative,,저녁에 택배 어디 뒀어?,저녁에 택배 어디 뒀어,v4s_ko_65bd3cd192223cdd,v4s_ko_65bd3cd192223cdd,train,okja_original_scripts,project-owned original text
v4s_ko_be6157b422b3cf5f,v4s_ko_be6157b422b3cf5f,ko,negative,ordinary_negative,,점심에 택배 어디 뒀어?,점심에 택배 어디 뒀어,v4s_ko_be6157b422b3cf5f,v4s_ko_be6157b422b3cf5f,train,okja_original_scripts,project-owned original text
v4s_ko_a65f84991735d2ee,v4s_ko_a65f84991735d2ee,ko,negative,ordinary_negative,,전화 끝나고 문이 열려 있는 것 같은데.,전화 끝나고 문이 열려 있는 것 같은데,v4s_ko_a65f84991735d2ee,v4s_ko_a65f84991735d2ee,train,okja_original_scripts,project-owned original text
v4s_ko_24a8e39c3c3f1d2a,v4s_ko_24a8e39c3c3f1d2a,ko,negative,ordinary_negative,,집에 오면 창문 좀 닫아줘.,집에 오면 창문 좀 닫아줘,v4s_ko_24a8e39c3c3f1d2a,v4s_ko_24a8e39c3c3f1d2a,train,okja_original_scripts,project-owned original text
v4s_ko_ab659b4424900cbf,v4s_ko_ab659b4424900cbf,ko,negative,ordinary_negative,,밥 먹고 몇 시에 출발할 거야?,밥 먹고 몇 시에 출발할 거야,v4s_ko_ab659b4424900cbf,v4s_ko_ab659b4424900cbf,train,okja_original_scripts,project-owned original text
v4s_ko_63ae0bab7dea536e,v4s_ko_63ae0bab7dea536e,ko,negative,ordinary_negative,,밥 먹고 잠깐만 기다려 봐.,밥 먹고 잠깐만 기다려 봐,v4s_ko_63ae0bab7dea536e,v4s_ko_63ae0bab7dea536e,train,okja_original_scripts,project-owned original text
v4s_ko_e54734276bc2a2f2,v4s_ko_e54734276bc2a2f2,ko,negative,ordinary_negative,,점심에 비가 오는 것 같아.,점심에 비가 오는 것 같아,v4s_ko_e54734276bc2a2f2,v4s_ko_e54734276bc2a2f2,validation,okja_original_scripts,project-owned original text
v4s_ko_553cf19d4ab47975,v4s_ko_553cf19d4ab47975,ko,negative,ordinary_negative,,내일 창문 좀 닫아줘.,내일 창문 좀 닫아줘,v4s_ko_553cf19d4ab47975,v4s_ko_553cf19d4ab47975,train,okja_original_scripts,project-owned original text
v4s_ko_914e42aa62cb853e,v4s_ko_914e42aa62cb853e,ko,negative,ordinary_negative,,오늘 잠깐만 기다려 봐.,오늘 잠깐만 기다려 봐,v4s_ko_914e42aa62cb853e,v4s_ko_914e42aa62cb853e,train,okja_original_scripts,project-owned original text
v4s_en_7b9d2c821ae6d263,v4s_en_7b9d2c821ae6d263,en,negative,ordinary_negative,,"Earlier, I put it in the refrigerator.",earlier i put it in the refrigerator,v4s_en_7b9d2c821ae6d263,v4s_en_7b9d2c821ae6d263,train,okja_original_scripts,project-owned original text
v4s_en_72f468f6fb325b75,v4s_en_72f468f6fb325b75,en,negative,ordinary_negative,,"Today, what time are we leaving?",today what time are we leaving,v4s_en_72f468f6fb325b75,v4s_en_72f468f6fb325b75,train,okja_original_scripts,project-owned original text
v4s_en_55100dd3b4af27f5,v4s_en_55100dd3b4af27f5,en,negative,ordinary_negative,,"Today, I think it is raining.",today i think it is raining,v4s_en_55100dd3b4af27f5,v4s_en_55100dd3b4af27f5,validation,okja_original_scripts,project-owned original text
v4s_en_e2678cd76c27fbf5,v4s_en_e2678cd76c27fbf5,en,negative,ordinary_negative,,"After dinner, what should we eat?",after dinner what should we eat,v4s_en_e2678cd76c27fbf5,v4s_en_e2678cd76c27fbf5,train,okja_original_scripts,project-owned original text
v4s_en_899365507c53b76b,v4s_en_899365507c53b76b,en,negative,ordinary_negative,,"After the call, where did you put the package?",after the call where did you put the package,v4s_en_899365507c53b76b,v4s_en_899365507c53b76b,validation,okja_original_scripts,project-owned original text
v4s_en_accde43286d11d71,v4s_en_accde43286d11d71,en,negative,ordinary_negative,,"After the call, what was that person's name?",after the call what was that person s name,v4s_en_accde43286d11d71,v4s_en_accde43286d11d71,train,okja_original_scripts,project-owned original text
v4s_en_1e3073fc5e1d4fe2,v4s_en_1e3073fc5e1d4fe2,en,negative,ordinary_negative,,"This weekend, please close the window.",this weekend please close the window,v4s_en_1e3073fc5e1d4fe2,v4s_en_1e3073fc5e1d4fe2,train,okja_original_scripts,project-owned original text
v4s_en_7ecb5876542080d4,v4s_en_7ecb5876542080d4,en,negative,ordinary_negative,,"Tomorrow, I want to stay home today.",tomorrow i want to stay home today,v4s_en_7ecb5876542080d4,v4s_en_7ecb5876542080d4,validation,okja_original_scripts,project-owned original text
v4s_en_7151170459740a9e,v4s_en_7151170459740a9e,en,negative,ordinary_negative,,"While the TV is on, what time are we leaving?",while the tv is on what time are we leaving,v4s_en_7151170459740a9e,v4s_en_7151170459740a9e,train,okja_original_scripts,project-owned original text
v4s_en_c6eda1b66b166391,v4s_en_c6eda1b66b166391,en,negative,ordinary_negative,,"This weekend, where did you put the package?",this weekend where did you put the package,v4s_en_c6eda1b66b166391,v4s_en_c6eda1b66b166391,train,okja_original_scripts,project-owned original text
v4s_en_fda5ec905920758c,v4s_en_fda5ec905920758c,en,negative,ordinary_negative,,"While the TV is on, I think it is raining.",while the tv is on i think it is raining,v4s_en_fda5ec905920758c,v4s_en_fda5ec905920758c,validation,okja_original_scripts,project-owned original text
v4s_en_8439a685fd4d85e3,v4s_en_8439a685fd4d85e3,en,negative,ordinary_negative,,"Earlier, please close the window.",earlier please close the window,v4s_en_8439a685fd4d85e3,v4s_en_8439a685fd4d85e3,train,okja_original_scripts,project-owned original text
v4s_en_cb0ab688dc83b3d9,v4s_en_cb0ab688dc83b3d9,en,negative,ordinary_negative,,"Earlier, I want to stay home today.",earlier i want to stay home today,v4s_en_cb0ab688dc83b3d9,v4s_en_cb0ab688dc83b3d9,validation,okja_original_scripts,project-owned original text
v4s_en_f29dc17c4c9d808b,v4s_en_f29dc17c4c9d808b,en,negative,ordinary_negative,,"After dinner, do you want some coffee?",after dinner do you want some coffee,v4s_en_f29dc17c4c9d808b,v4s_en_f29dc17c4c9d808b,train,okja_original_scripts,project-owned original text
v4s_en_2d1b7b236017ef5e,v4s_en_2d1b7b236017ef5e,en,negative,ordinary_negative,,"Earlier, where did you put the package?",earlier where did you put the package,v4s_en_2d1b7b236017ef5e,v4s_en_2d1b7b236017ef5e,train,okja_original_scripts,project-owned original text
v4s_en_afcfc4460ab6320f,v4s_en_afcfc4460ab6320f,en,negative,ordinary_negative,,"After the call, what time are we leaving?",after the call what time are we leaving,v4s_en_afcfc4460ab6320f,v4s_en_afcfc4460ab6320f,train,okja_original_scripts,project-owned original text
v4s_en_c1222a4885763fbb,v4s_en_c1222a4885763fbb,en,negative,ordinary_negative,,"Today, I want to stay home today.",today i want to stay home today,v4s_en_c1222a4885763fbb,v4s_en_c1222a4885763fbb,train,okja_original_scripts,project-owned original text
v4s_en_748eb1a2d25e3266,v4s_en_748eb1a2d25e3266,en,negative,ordinary_negative,,"Today, where did you put the package?",today where did you put the package,v4s_en_748eb1a2d25e3266,v4s_en_748eb1a2d25e3266,train,okja_original_scripts,project-owned original text
v4s_en_16ad6b90bc89fe49,v4s_en_16ad6b90bc89fe49,en,negative,ordinary_negative,,"When I get home, I want to stay home today.",when i get home i want to stay home today,v4s_en_16ad6b90bc89fe49,v4s_en_16ad6b90bc89fe49,validation,okja_original_scripts,project-owned original text
v4s_en_7e9a11b407a93e34,v4s_en_7e9a11b407a93e34,en,negative,ordinary_negative,,"Before we leave, wait a second.",before we leave wait a second,v4s_en_7e9a11b407a93e34,v4s_en_7e9a11b407a93e34,validation,okja_original_scripts,project-owned original text
v4s_en_8063b9d070efd093,v4s_en_8063b9d070efd093,en,negative,ordinary_negative,,"After dinner, let's talk about it later.",after dinner let s talk about it later,v4s_en_8063b9d070efd093,v4s_en_8063b9d070efd093,train,okja_original_scripts,project-owned original text
v4s_en_0725b93af401fc21,v4s_en_0725b93af401fc21,en,negative,ordinary_negative,,"This weekend, what should we eat?",this weekend what should we eat,v4s_en_0725b93af401fc21,v4s_en_0725b93af401fc21,train,okja_original_scripts,project-owned original text
v4s_en_f1f28b20964cf856,v4s_en_f1f28b20964cf856,en,negative,ordinary_negative,,"This weekend, I put it in the refrigerator.",this weekend i put it in the refrigerator,v4s_en_f1f28b20964cf856,v4s_en_f1f28b20964cf856,train,okja_original_scripts,project-owned original text
v4s_en_091768a8e88c5569,v4s_en_091768a8e88c5569,en,negative,ordinary_negative,,"Right now, where did you put the package?",right now where did you put the package,v4s_en_091768a8e88c5569,v4s_en_091768a8e88c5569,train,okja_original_scripts,project-owned original text
v4s_en_23ec64681ce088a1,v4s_en_23ec64681ce088a1,en,negative,ordinary_negative,,"While the TV is on, where did you put the package?",while the tv is on where did you put the package,v4s_en_23ec64681ce088a1,v4s_en_23ec64681ce088a1,train,okja_original_scripts,project-owned original text
v4s_en_18520cf07538b60a,v4s_en_18520cf07538b60a,en,negative,ordinary_negative,,"Tomorrow, please close the window.",tomorrow please close the window,v4s_en_18520cf07538b60a,v4s_en_18520cf07538b60a,train,okja_original_scripts,project-owned original text
v4s_en_53f03e11ac8f060b,v4s_en_53f03e11ac8f060b,en,negative,ordinary_negative,,"Earlier, I think it is raining.",earlier i think it is raining,v4s_en_53f03e11ac8f060b,v4s_en_53f03e11ac8f060b,train,okja_original_scripts,project-owned original text
v4s_en_9270c4a612ae972c,v4s_en_9270c4a612ae972c,en,negative,ordinary_negative,,"After dinner, I think it is raining.",after dinner i think it is raining,v4s_en_9270c4a612ae972c,v4s_en_9270c4a612ae972c,train,okja_original_scripts,project-owned original text
v4s_en_6032bc1cad00dcec,v4s_en_6032bc1cad00dcec,en,negative,ordinary_negative,,"Before we leave, what was that person's name?",before we leave what was that person s name,v4s_en_6032bc1cad00dcec,v4s_en_6032bc1cad00dcec,validation,okja_original_scripts,project-owned original text
v4s_en_43eedebbc9e9b8b3,v4s_en_43eedebbc9e9b8b3,en,negative,ordinary_negative,,"When I get home, I think it is raining.",when i get home i think it is raining,v4s_en_43eedebbc9e9b8b3,v4s_en_43eedebbc9e9b8b3,train,okja_original_scripts,project-owned original text
v4s_en_1ee0125b45802b5f,v4s_en_1ee0125b45802b5f,en,negative,ordinary_negative,,"After dinner, I put it in the refrigerator.",after dinner i put it in the refrigerator,v4s_en_1ee0125b45802b5f,v4s_en_1ee0125b45802b5f,train,okja_original_scripts,project-owned original text
v4s_en_e8153a1ef17e395c,v4s_en_e8153a1ef17e395c,en,negative,ordinary_negative,,"Earlier, what time are we leaving?",earlier what time are we leaving,v4s_en_e8153a1ef17e395c,v4s_en_e8153a1ef17e395c,validation,okja_original_scripts,project-owned original text
v4s_en_081cc0b00a55a26c,v4s_en_081cc0b00a55a26c,en,negative,ordinary_negative,,"Right now, do you want some coffee?",right now do you want some coffee,v4s_en_081cc0b00a55a26c,v4s_en_081cc0b00a55a26c,train,okja_original_scripts,project-owned original text
v4s_en_387ec4623d6a8a4c,v4s_en_387ec4623d6a8a4c,en,negative,ordinary_negative,,"Right now, the TV is too loud.",right now the tv is too loud,v4s_en_387ec4623d6a8a4c,v4s_en_387ec4623d6a8a4c,train,okja_original_scripts,project-owned original text
v4s_en_33a4dcdb76b8b64c,v4s_en_33a4dcdb76b8b64c,en,negative,ordinary_negative,,"This weekend, what was that person's name?",this weekend what was that person s name,v4s_en_33a4dcdb76b8b64c,v4s_en_33a4dcdb76b8b64c,train,okja_original_scripts,project-owned original text
v4s_en_cd98e13681ecf3d4,v4s_en_cd98e13681ecf3d4,en,negative,ordinary_negative,,"Tomorrow, wait a second.",tomorrow wait a second,v4s_en_cd98e13681ecf3d4,v4s_en_cd98e13681ecf3d4,train,okja_original_scripts,project-owned original text
v4s_en_4d1ed7dc1a5f1260,v4s_en_4d1ed7dc1a5f1260,en,negative,ordinary_negative,,"Right now, what was that person's name?",right now what was that person s name,v4s_en_4d1ed7dc1a5f1260,v4s_en_4d1ed7dc1a5f1260,train,okja_original_scripts,project-owned original text
v4s_en_af0647149aae88ef,v4s_en_af0647149aae88ef,en,negative,ordinary_negative,,"Today, wait a second.",today wait a second,v4s_en_af0647149aae88ef,v4s_en_af0647149aae88ef,train,okja_original_scripts,project-owned original text
v4s_en_53dec810f25c558e,v4s_en_53dec810f25c558e,en,negative,ordinary_negative,,"Earlier, do you want some coffee?",earlier do you want some coffee,v4s_en_53dec810f25c558e,v4s_en_53dec810f25c558e,train,okja_original_scripts,project-owned original text
v4s_en_4e3531c86aa408d8,v4s_en_4e3531c86aa408d8,en,negative,ordinary_negative,,"When I get home, please close the window.",when i get home please close the window,v4s_en_4e3531c86aa408d8,v4s_en_4e3531c86aa408d8,train,okja_original_scripts,project-owned original text
v4s_en_9bbe74d920572457,v4s_en_9bbe74d920572457,en,negative,ordinary_negative,,"After dinner, what was that person's name?",after dinner what was that person s name,v4s_en_9bbe74d920572457,v4s_en_9bbe74d920572457,train,okja_original_scripts,project-owned original text
v4s_en_80356098d0ac6b4c,v4s_en_80356098d0ac6b4c,en,negative,ordinary_negative,,"Tomorrow, where did you put the package?",tomorrow where did you put the package,v4s_en_80356098d0ac6b4c,v4s_en_80356098d0ac6b4c,validation,okja_original_scripts,project-owned original text
v4s_en_a8e1a6a61de07c8e,v4s_en_a8e1a6a61de07c8e,en,negative,ordinary_negative,,"Today, what should we eat?",today what should we eat,v4s_en_a8e1a6a61de07c8e,v4s_en_a8e1a6a61de07c8e,validation,okja_original_scripts,project-owned original text
v4s_en_65003798842f52a2,v4s_en_65003798842f52a2,en,negative,ordinary_negative,,"Before we leave, please close the window.",before we leave please close the window,v4s_en_65003798842f52a2,v4s_en_65003798842f52a2,train,okja_original_scripts,project-owned original text
v4s_en_e178d6e965f8e1f6,v4s_en_e178d6e965f8e1f6,en,negative,ordinary_negative,,"After dinner, please close the window.",after dinner please close the window,v4s_en_e178d6e965f8e1f6,v4s_en_e178d6e965f8e1f6,train,okja_original_scripts,project-owned original text
v4s_en_714a91d687582243,v4s_en_714a91d687582243,en,negative,ordinary_negative,,"Before we leave, I want to stay home today.",before we leave i want to stay home today,v4s_en_714a91d687582243,v4s_en_714a91d687582243,train,okja_original_scripts,project-owned original text
v4s_en_a18105bfe90bd316,v4s_en_a18105bfe90bd316,en,negative,ordinary_negative,,"After the call, what should we eat?",after the call what should we eat,v4s_en_a18105bfe90bd316,v4s_en_a18105bfe90bd316,train,okja_original_scripts,project-owned original text
v4s_en_fb9c1c3416a2a719,v4s_en_fb9c1c3416a2a719,en,negative,ordinary_negative,,"Right now, please close the window.",right now please close the window,v4s_en_fb9c1c3416a2a719,v4s_en_fb9c1c3416a2a719,train,okja_original_scripts,project-owned original text
v4s_en_e95f4d7906aea2eb,v4s_en_e95f4d7906aea2eb,en,negative,ordinary_negative,,"Before we leave, I put it in the refrigerator.",before we leave i put it in the refrigerator,v4s_en_e95f4d7906aea2eb,v4s_en_e95f4d7906aea2eb,train,okja_original_scripts,project-owned original text
v4s_en_35eef20423f96398,v4s_en_35eef20423f96398,en,negative,ordinary_negative,,"Tomorrow, do you want some coffee?",tomorrow do you want some coffee,v4s_en_35eef20423f96398,v4s_en_35eef20423f96398,train,okja_original_scripts,project-owned original text
v4s_en_1fb0744859e42f14,v4s_en_1fb0744859e42f14,en,negative,ordinary_negative,,"When I get home, the TV is too loud.",when i get home the tv is too loud,v4s_en_1fb0744859e42f14,v4s_en_1fb0744859e42f14,train,okja_original_scripts,project-owned original text
v4s_en_cf4051377949f5e2,v4s_en_cf4051377949f5e2,en,negative,ordinary_negative,,"While the TV is on, let's talk about it later.",while the tv is on let s talk about it later,v4s_en_cf4051377949f5e2,v4s_en_cf4051377949f5e2,train,okja_original_scripts,project-owned original text
v4s_en_2b5e050d945aa45d,v4s_en_2b5e050d945aa45d,en,negative,ordinary_negative,,"Right now, I put it in the refrigerator.",right now i put it in the refrigerator,v4s_en_2b5e050d945aa45d,v4s_en_2b5e050d945aa45d,train,okja_original_scripts,project-owned original text
v4s_en_755f1fb05dfa6e97,v4s_en_755f1fb05dfa6e97,en,negative,ordinary_negative,,"When I get home, what was that person's name?",when i get home what was that person s name,v4s_en_755f1fb05dfa6e97,v4s_en_755f1fb05dfa6e97,validation,okja_original_scripts,project-owned original text
v4s_en_ab3e69e8556b4ecb,v4s_en_ab3e69e8556b4ecb,en,negative,ordinary_negative,,"Before we leave, what should we eat?",before we leave what should we eat,v4s_en_ab3e69e8556b4ecb,v4s_en_ab3e69e8556b4ecb,train,okja_original_scripts,project-owned original text
v4s_en_fbeea678344e6791,v4s_en_fbeea678344e6791,en,negative,ordinary_negative,,"While the TV is on, the TV is too loud.",while the tv is on the tv is too loud,v4s_en_fbeea678344e6791,v4s_en_fbeea678344e6791,train,okja_original_scripts,project-owned original text
v4s_en_c89ccd10df2e7672,v4s_en_c89ccd10df2e7672,en,negative,ordinary_negative,,"Earlier, what was that person's name?",earlier what was that person s name,v4s_en_c89ccd10df2e7672,v4s_en_c89ccd10df2e7672,train,okja_original_scripts,project-owned original text
v4s_en_feb0a013584f7e03,v4s_en_feb0a013584f7e03,en,negative,ordinary_negative,,"When I get home, wait a second.",when i get home wait a second,v4s_en_feb0a013584f7e03,v4s_en_feb0a013584f7e03,train,okja_original_scripts,project-owned original text
v4s_en_79fac78cbd3bb81a,v4s_en_79fac78cbd3bb81a,en,negative,ordinary_negative,,"Tomorrow, I put it in the refrigerator.",tomorrow i put it in the refrigerator,v4s_en_79fac78cbd3bb81a,v4s_en_79fac78cbd3bb81a,train,okja_original_scripts,project-owned original text
v4s_en_ef585f4f45b376c4,v4s_en_ef585f4f45b376c4,en,negative,ordinary_negative,,"When I get home, I put it in the refrigerator.",when i get home i put it in the refrigerator,v4s_en_ef585f4f45b376c4,v4s_en_ef585f4f45b376c4,train,okja_original_scripts,project-owned original text
v4s_en_dd4eec88b05c2323,v4s_en_dd4eec88b05c2323,en,negative,ordinary_negative,,"Before we leave, what time are we leaving?",before we leave what time are we leaving,v4s_en_dd4eec88b05c2323,v4s_en_dd4eec88b05c2323,train,okja_original_scripts,project-owned original text
v4s_en_d50c200a9f715456,v4s_en_d50c200a9f715456,en,negative,ordinary_negative,,"After the call, do you want some coffee?",after the call do you want some coffee,v4s_en_d50c200a9f715456,v4s_en_d50c200a9f715456,validation,okja_original_scripts,project-owned original text
v4s_en_5127a80b8259ff95,v4s_en_5127a80b8259ff95,en,negative,ordinary_negative,,"After the call, wait a second.",after the call wait a second,v4s_en_5127a80b8259ff95,v4s_en_5127a80b8259ff95,train,okja_original_scripts,project-owned original text
v4s_en_902749cbf7cb8837,v4s_en_902749cbf7cb8837,en,negative,ordinary_negative,,"This weekend, wait a second.",this weekend wait a second,v4s_en_902749cbf7cb8837,v4s_en_902749cbf7cb8837,train,okja_original_scripts,project-owned original text
v4s_en_3fb3c9ad99defe74,v4s_en_3fb3c9ad99defe74,en,negative,ordinary_negative,,"After the call, I want to stay home today.",after the call i want to stay home today,v4s_en_3fb3c9ad99defe74,v4s_en_3fb3c9ad99defe74,train,okja_original_scripts,project-owned original text
v4s_en_d0f6e52444c2b6a4,v4s_en_d0f6e52444c2b6a4,en,negative,ordinary_negative,,"Today, what was that person's name?",today what was that person s name,v4s_en_d0f6e52444c2b6a4,v4s_en_d0f6e52444c2b6a4,train,okja_original_scripts,project-owned original text
v4s_en_fee1a0da48b2fd15,v4s_en_fee1a0da48b2fd15,en,negative,ordinary_negative,,"This weekend, the TV is too loud.",this weekend the tv is too loud,v4s_en_fee1a0da48b2fd15,v4s_en_fee1a0da48b2fd15,train,okja_original_scripts,project-owned original text
v4s_en_242a739516b5ed71,v4s_en_242a739516b5ed71,en,negative,ordinary_negative,,"While the TV is on, I want to stay home today.",while the tv is on i want to stay home today,v4s_en_242a739516b5ed71,v4s_en_242a739516b5ed71,validation,okja_original_scripts,project-owned original text
v4s_en_94a83e0b9ebfd6e1,v4s_en_94a83e0b9ebfd6e1,en,negative,ordinary_negative,,"Today, let's talk about it later.",today let s talk about it later,v4s_en_94a83e0b9ebfd6e1,v4s_en_94a83e0b9ebfd6e1,train,okja_original_scripts,project-owned original text
v4s_en_67236b4f8fa0c72d,v4s_en_67236b4f8fa0c72d,en,negative,ordinary_negative,,"Today, do you want some coffee?",today do you want some coffee,v4s_en_67236b4f8fa0c72d,v4s_en_67236b4f8fa0c72d,train,okja_original_scripts,project-owned original text
v4s_en_14851a709ec1ea5b,v4s_en_14851a709ec1ea5b,en,negative,ordinary_negative,,"Before we leave, the TV is too loud.",before we leave the tv is too loud,v4s_en_14851a709ec1ea5b,v4s_en_14851a709ec1ea5b,train,okja_original_scripts,project-owned original text
v4s_en_cf271ff76b1d0ab8,v4s_en_cf271ff76b1d0ab8,en,negative,ordinary_negative,,"Tomorrow, what should we eat?",tomorrow what should we eat,v4s_en_cf271ff76b1d0ab8,v4s_en_cf271ff76b1d0ab8,train,okja_original_scripts,project-owned original text
v4s_en_083833fdd3d2da6d,v4s_en_083833fdd3d2da6d,en,negative,ordinary_negative,,"This weekend, what time are we leaving?",this weekend what time are we leaving,v4s_en_083833fdd3d2da6d,v4s_en_083833fdd3d2da6d,train,okja_original_scripts,project-owned original text
v4s_en_7aa5ea8afcf96350,v4s_en_7aa5ea8afcf96350,en,negative,ordinary_negative,,"After dinner, I want to stay home today.",after dinner i want to stay home today,v4s_en_7aa5ea8afcf96350,v4s_en_7aa5ea8afcf96350,validation,okja_original_scripts,project-owned original text
v4s_en_a7c3ee32b8438d27,v4s_en_a7c3ee32b8438d27,en,negative,ordinary_negative,,"After the call, let's talk about it later.",after the call let s talk about it later,v4s_en_a7c3ee32b8438d27,v4s_en_a7c3ee32b8438d27,train,okja_original_scripts,project-owned original text
v4s_en_821d0754f66c4c9a,v4s_en_821d0754f66c4c9a,en,negative,ordinary_negative,,"While the TV is on, please close the window.",while the tv is on please close the window,v4s_en_821d0754f66c4c9a,v4s_en_821d0754f66c4c9a,train,okja_original_scripts,project-owned original text
v4s_en_7f07d2729010ee00,v4s_en_7f07d2729010ee00,en,negative,ordinary_negative,,"Today, I put it in the refrigerator.",today i put it in the refrigerator,v4s_en_7f07d2729010ee00,v4s_en_7f07d2729010ee00,train,okja_original_scripts,project-owned original text
v4s_en_a0a9da7963bc471a,v4s_en_a0a9da7963bc471a,en,negative,ordinary_negative,,"This weekend, I want to stay home today.",this weekend i want to stay home today,v4s_en_a0a9da7963bc471a,v4s_en_a0a9da7963bc471a,train,okja_original_scripts,project-owned original text
v4s_en_0bcd81ba8fe964e2,v4s_en_0bcd81ba8fe964e2,en,negative,ordinary_negative,,"This weekend, let's talk about it later.",this weekend let s talk about it later,v4s_en_0bcd81ba8fe964e2,v4s_en_0bcd81ba8fe964e2,train,okja_original_scripts,project-owned original text
v4s_en_2ede2f0a0b30c758,v4s_en_2ede2f0a0b30c758,en,negative,ordinary_negative,,"After dinner, what time are we leaving?",after dinner what time are we leaving,v4s_en_2ede2f0a0b30c758,v4s_en_2ede2f0a0b30c758,train,okja_original_scripts,project-owned original text
v4s_en_65709bc6f7552997,v4s_en_65709bc6f7552997,en,negative,ordinary_negative,,"Right now, wait a second.",right now wait a second,v4s_en_65709bc6f7552997,v4s_en_65709bc6f7552997,train,okja_original_scripts,project-owned original text
v4s_en_50ef9d56b9f91022,v4s_en_50ef9d56b9f91022,en,negative,ordinary_negative,,"Tomorrow, what was that person's name?",tomorrow what was that person s name,v4s_en_50ef9d56b9f91022,v4s_en_50ef9d56b9f91022,train,okja_original_scripts,project-owned original text
v4s_en_cef3546f8bb64b58,v4s_en_cef3546f8bb64b58,en,negative,ordinary_negative,,"Before we leave, I think it is raining.",before we leave i think it is raining,v4s_en_cef3546f8bb64b58,v4s_en_cef3546f8bb64b58,train,okja_original_scripts,project-owned original text
v4s_en_fabacf53f883a321,v4s_en_fabacf53f883a321,en,negative,ordinary_negative,,"Right now, what time are we leaving?",right now what time are we leaving,v4s_en_fabacf53f883a321,v4s_en_fabacf53f883a321,validation,okja_original_scripts,project-owned original text
v4s_en_9853e5d3c6b4fa7f,v4s_en_9853e5d3c6b4fa7f,en,negative,ordinary_negative,,"While the TV is on, what was that person's name?",while the tv is on what was that person s name,v4s_en_9853e5d3c6b4fa7f,v4s_en_9853e5d3c6b4fa7f,train,okja_original_scripts,project-owned original text
v4s_en_a37e6f7b6395cd00,v4s_en_a37e6f7b6395cd00,en,negative,ordinary_negative,,"Earlier, the TV is too loud.",earlier the tv is too loud,v4s_en_a37e6f7b6395cd00,v4s_en_a37e6f7b6395cd00,train,okja_original_scripts,project-owned original text
v4s_en_93b11a840c65e87e,v4s_en_93b11a840c65e87e,en,negative,ordinary_negative,,"When I get home, what should we eat?",when i get home what should we eat,v4s_en_93b11a840c65e87e,v4s_en_93b11a840c65e87e,validation,okja_original_scripts,project-owned original text
v4s_en_67bcac1cdaa46d1e,v4s_en_67bcac1cdaa46d1e,en,negative,ordinary_negative,,"Tomorrow, the TV is too loud.",tomorrow the tv is too loud,v4s_en_67bcac1cdaa46d1e,v4s_en_67bcac1cdaa46d1e,train,okja_original_scripts,project-owned original text
v4s_en_cf586a5b54be87f2,v4s_en_cf586a5b54be87f2,en,negative,ordinary_negative,,"While the TV is on, wait a second.",while the tv is on wait a second,v4s_en_cf586a5b54be87f2,v4s_en_cf586a5b54be87f2,train,okja_original_scripts,project-owned original text
v4s_en_ae5a1f80d0cafedc,v4s_en_ae5a1f80d0cafedc,en,negative,ordinary_negative,,"After dinner, the TV is too loud.",after dinner the tv is too loud,v4s_en_ae5a1f80d0cafedc,v4s_en_ae5a1f80d0cafedc,validation,okja_original_scripts,project-owned original text
v4s_en_639a8605456bd171,v4s_en_639a8605456bd171,en,negative,ordinary_negative,,"While the TV is on, what should we eat?",while the tv is on what should we eat,v4s_en_639a8605456bd171,v4s_en_639a8605456bd171,validation,okja_original_scripts,project-owned original text
v4s_en_7de826c56bbcbd7e,v4s_en_7de826c56bbcbd7e,en,negative,ordinary_negative,,"After the call, I think it is raining.",after the call i think it is raining,v4s_en_7de826c56bbcbd7e,v4s_en_7de826c56bbcbd7e,train,okja_original_scripts,project-owned original text
v4s_en_83827b509935cd5d,v4s_en_83827b509935cd5d,en,negative,ordinary_negative,,"Earlier, what should we eat?",earlier what should we eat,v4s_en_83827b509935cd5d,v4s_en_83827b509935cd5d,train,okja_original_scripts,project-owned original text
v4s_en_013b63f7f50fa934,v4s_en_013b63f7f50fa934,en,negative,ordinary_negative,,"When I get home, let's talk about it later.",when i get home let s talk about it later,v4s_en_013b63f7f50fa934,v4s_en_013b63f7f50fa934,train,okja_original_scripts,project-owned original text
v4s_en_879aadc9926c7de8,v4s_en_879aadc9926c7de8,en,negative,ordinary_negative,,"While the TV is on, do you want some coffee?",while the tv is on do you want some coffee,v4s_en_879aadc9926c7de8,v4s_en_879aadc9926c7de8,train,okja_original_scripts,project-owned original text
v4s_en_f600693ebac44022,v4s_en_f600693ebac44022,en,negative,ordinary_negative,,"Today, please close the window.",today please close the window,v4s_en_f600693ebac44022,v4s_en_f600693ebac44022,train,okja_original_scripts,project-owned original text
v4s_en_805295f84e247104,v4s_en_805295f84e247104,en,negative,ordinary_negative,,"Earlier, let's talk about it later.",earlier let s talk about it later,v4s_en_805295f84e247104,v4s_en_805295f84e247104,validation,okja_original_scripts,project-owned original text
v4s_en_4aacbfbf0dd436b5,v4s_en_4aacbfbf0dd436b5,en,negative,ordinary_negative,,"Before we leave, do you want some coffee?",before we leave do you want some coffee,v4s_en_4aacbfbf0dd436b5,v4s_en_4aacbfbf0dd436b5,train,okja_original_scripts,project-owned original text
v4s_en_a22f8c48e51908a3,v4s_en_a22f8c48e51908a3,en,negative,ordinary_negative,,"After the call, please close the window.",after the call please close the window,v4s_en_a22f8c48e51908a3,v4s_en_a22f8c48e51908a3,train,okja_original_scripts,project-owned original text
v4s_en_4c5933d2792e2b02,v4s_en_4c5933d2792e2b02,en,negative,ordinary_negative,,"This weekend, I think it is raining.",this weekend i think it is raining,v4s_en_4c5933d2792e2b02,v4s_en_4c5933d2792e2b02,validation,okja_original_scripts,project-owned original text
v4s_en_00804d80bdc4ed8c,v4s_en_00804d80bdc4ed8c,en,negative,ordinary_negative,,"After the call, I put it in the refrigerator.",after the call i put it in the refrigerator,v4s_en_00804d80bdc4ed8c,v4s_en_00804d80bdc4ed8c,train,okja_original_scripts,project-owned original text
v4s_en_24e2ff26fa0b8ab0,v4s_en_24e2ff26fa0b8ab0,en,negative,ordinary_negative,,"When I get home, what time are we leaving?",when i get home what time are we leaving,v4s_en_24e2ff26fa0b8ab0,v4s_en_24e2ff26fa0b8ab0,validation,okja_original_scripts,project-owned original text
v4s_en_0ef70a059f461549,v4s_en_0ef70a059f461549,en,negative,ordinary_negative,,"After dinner, where did you put the package?",after dinner where did you put the package,v4s_en_0ef70a059f461549,v4s_en_0ef70a059f461549,train,okja_original_scripts,project-owned original text
v4s_en_76c405368e40a5f7,v4s_en_76c405368e40a5f7,en,negative,ordinary_negative,,"This weekend, do you want some coffee?",this weekend do you want some coffee,v4s_en_76c405368e40a5f7,v4s_en_76c405368e40a5f7,train,okja_original_scripts,project-owned original text
v4s_en_d906dd491a73581a,v4s_en_d906dd491a73581a,en,negative,ordinary_negative,,"Right now, what should we eat?",right now what should we eat,v4s_en_d906dd491a73581a,v4s_en_d906dd491a73581a,train,okja_original_scripts,project-owned original text
v4s_en_ac0bded2ef0514b7,v4s_en_ac0bded2ef0514b7,en,negative,ordinary_negative,,"Tomorrow, I think it is raining.",tomorrow i think it is raining,v4s_en_ac0bded2ef0514b7,v4s_en_ac0bded2ef0514b7,train,okja_original_scripts,project-owned original text
v4s_en_52b570218a5d2106,v4s_en_52b570218a5d2106,en,negative,ordinary_negative,,"After dinner, wait a second.",after dinner wait a second,v4s_en_52b570218a5d2106,v4s_en_52b570218a5d2106,train,okja_original_scripts,project-owned original text
v4s_en_0ccff58ea00e04e6,v4s_en_0ccff58ea00e04e6,en,negative,ordinary_negative,,"While the TV is on, I put it in the refrigerator.",while the tv is on i put it in the refrigerator,v4s_en_0ccff58ea00e04e6,v4s_en_0ccff58ea00e04e6,train,okja_original_scripts,project-owned original text
v4s_en_e842f1663019d475,v4s_en_e842f1663019d475,en,negative,ordinary_negative,,"After the call, the TV is too loud.",after the call the tv is too loud,v4s_en_e842f1663019d475,v4s_en_e842f1663019d475,train,okja_original_scripts,project-owned original text
v4s_en_9ca979de317b81f2,v4s_en_9ca979de317b81f2,en,negative,ordinary_negative,,"When I get home, do you want some coffee?",when i get home do you want some coffee,v4s_en_9ca979de317b81f2,v4s_en_9ca979de317b81f2,validation,okja_original_scripts,project-owned original text
v4s_en_9c0fff0ba4b56dea,v4s_en_9c0fff0ba4b56dea,en,negative,ordinary_negative,,"Right now, I think it is raining.",right now i think it is raining,v4s_en_9c0fff0ba4b56dea,v4s_en_9c0fff0ba4b56dea,train,okja_original_scripts,project-owned original text
v4s_en_3281716d66410254,v4s_en_3281716d66410254,en,negative,ordinary_negative,,"Earlier, wait a second.",earlier wait a second,v4s_en_3281716d66410254,v4s_en_3281716d66410254,train,okja_original_scripts,project-owned original text
v4s_en_bb44fa53738947c2,v4s_en_bb44fa53738947c2,en,negative,ordinary_negative,,"Before we leave, where did you put the package?",before we leave where did you put the package,v4s_en_bb44fa53738947c2,v4s_en_bb44fa53738947c2,train,okja_original_scripts,project-owned original text
v4s_en_88a4168d0441c6e5,v4s_en_88a4168d0441c6e5,en,negative,ordinary_negative,,"Tomorrow, what time are we leaving?",tomorrow what time are we leaving,v4s_en_88a4168d0441c6e5,v4s_en_88a4168d0441c6e5,train,okja_original_scripts,project-owned original text
v4s_en_3124cb28596a3908,v4s_en_3124cb28596a3908,en,negative,ordinary_negative,,"Today, the TV is too loud.",today the tv is too loud,v4s_en_3124cb28596a3908,v4s_en_3124cb28596a3908,train,okja_original_scripts,project-owned original text
v4s_en_6abb9c70bddc5bda,v4s_en_6abb9c70bddc5bda,en,negative,ordinary_negative,,"Before we leave, let's talk about it later.",before we leave let s talk about it later,v4s_en_6abb9c70bddc5bda,v4s_en_6abb9c70bddc5bda,validation,okja_original_scripts,project-owned original text
v4s_en_85e9a75a3009c914,v4s_en_85e9a75a3009c914,en,negative,ordinary_negative,,"When I get home, where did you put the package?",when i get home where did you put the package,v4s_en_85e9a75a3009c914,v4s_en_85e9a75a3009c914,train,okja_original_scripts,project-owned original text
v4s_en_ba547dbb7bc0dc2d,v4s_en_ba547dbb7bc0dc2d,en,negative,ordinary_negative,,"Tomorrow, let's talk about it later.",tomorrow let s talk about it later,v4s_en_ba547dbb7bc0dc2d,v4s_en_ba547dbb7bc0dc2d,train,okja_original_scripts,project-owned original text
v4s_en_cb2aaf6e75a09cc0,v4s_en_cb2aaf6e75a09cc0,en,negative,ordinary_negative,,"Right now, let's talk about it later.",right now let s talk about it later,v4s_en_cb2aaf6e75a09cc0,v4s_en_cb2aaf6e75a09cc0,train,okja_original_scripts,project-owned original text
v4s_en_428377cdc7faf4a1,v4s_en_428377cdc7faf4a1,en,negative,ordinary_negative,,"Right now, I want to stay home today.",right now i want to stay home today,v4s_en_428377cdc7faf4a1,v4s_en_428377cdc7faf4a1,train,okja_original_scripts,project-owned original text
v4s_ko_d5b4a231329fa693,v4s_ko_d5b4a231329fa693,ko,hard_negative,hard_phonetic_negative,,옥상에 올라갔어.,옥상에 올라갔어,v4s_ko_d5b4a231329fa693,v4s_ko_d5b4a231329fa693,train,okja_original_scripts,project-owned original text
v4s_ko_e87e22f8aba22f6b,v4s_ko_e87e22f8aba22f6b,ko,hard_negative,hard_phonetic_negative,,옥수수 좀 사 와.,옥수수 좀 사 와,v4s_ko_e87e22f8aba22f6b,v4s_ko_e87e22f8aba22f6b,train,okja_original_scripts,project-owned original text
v4s_ko_dd069d9cacf1fb46,v4s_ko_dd069d9cacf1fb46,ko,hard_negative,hard_phonetic_negative,,독자가 편지를 보냈어.,독자가 편지를 보냈어,v4s_ko_dd069d9cacf1fb46,v4s_ko_dd069d9cacf1fb46,train,okja_original_scripts,project-owned original text
v4s_ko_61099ae62164e9f8,v4s_ko_61099ae62164e9f8,ko,hard_negative,hard_phonetic_negative,,목자가 양을 돌봤다.,목자가 양을 돌봤다,v4s_ko_61099ae62164e9f8,v4s_ko_61099ae62164e9f8,train,okja_original_scripts,project-owned original text
v4s_ko_e475540e44222e59,v4s_ko_e475540e44222e59,ko,hard_negative,hard_phonetic_negative,,옥 장판을 새로 깔았어.,옥 장판을 새로 깔았어,v4s_ko_e475540e44222e59,v4s_ko_e475540e44222e59,validation,okja_original_scripts,project-owned original text
v4s_ko_3f5321a7ebed4eac,v4s_ko_3f5321a7ebed4eac,ko,hard_negative,hard_phonetic_negative,,그 글을 읽는 독자들이 많아.,그 글을 읽는 독자들이 많아,v4s_ko_3f5321a7ebed4eac,v4s_ko_3f5321a7ebed4eac,train,okja_original_scripts,project-owned original text
v4s_en_b59f51c4efbe9ccd,v4s_en_b59f51c4efbe9ccd,en,hard_negative,hard_phonetic_negative,,"Okay, John, let's go.",okay john let s go,v4s_en_b59f51c4efbe9ccd,v4s_en_b59f51c4efbe9ccd,train,okja_original_scripts,project-owned original text
v4s_en_8609db40a969706b,v4s_en_8609db40a969706b,en,hard_negative,hard_phonetic_negative,,"Hey, gotcha.",hey gotcha,v4s_en_8609db40a969706b,v4s_en_8609db40a969706b,train,okja_original_scripts,project-owned original text
v4s_en_397ede50fd1dd473,v4s_en_397ede50fd1dd473,en,hard_negative,hard_phonetic_negative,,"Okay, got it.",okay got it,v4s_en_397ede50fd1dd473,v4s_en_397ede50fd1dd473,train,okja_original_scripts,project-owned original text
v4s_en_2dca020df7aa365e,v4s_en_2dca020df7aa365e,en,hard_negative,hard_phonetic_negative,,"Hey, Roger.",hey roger,v4s_en_2dca020df7aa365e,v4s_en_2dca020df7aa365e,train,okja_original_scripts,project-owned original text
v4s_en_30c46dd2e99b5e50,v4s_en_30c46dd2e99b5e50,en,hard_negative,hard_phonetic_negative,,The object is over there.,the object is over there,v4s_en_30c46dd2e99b5e50,v4s_en_30c46dd2e99b5e50,train,okja_original_scripts,project-owned original text
v4s_en_ffc1d5dc7da365df,v4s_en_ffc1d5dc7da365df,en,hard_negative,hard_phonetic_negative,,"Okay, Jack, your turn.",okay jack your turn,v4s_en_ffc1d5dc7da365df,v4s_en_ffc1d5dc7da365df,train,okja_original_scripts,project-owned original text
v4s_ko_aae2dc4543cc0f00,v4s_ko_aae2dc4543cc0f00,ko,mention_context,mention_context,옥자,어제 옥자라는 영화를 봤어.,어제 옥자라는 영화를 봤어,v4s_ko_aae2dc4543cc0f00,v4s_ko_aae2dc4543cc0f00,train,okja_original_scripts,project-owned original text
v4s_ko_c7ae14bf42da5a3e,v4s_ko_c7ae14bf42da5a3e,ko,mention_context,mention_context,옥자,옥자라는 이름을 들어봤어?,옥자라는 이름을 들어봤어,v4s_ko_c7ae14bf42da5a3e,v4s_ko_c7ae14bf42da5a3e,train,okja_original_scripts,project-owned original text
v4s_ko_9b5d2ac8022c15f5,v4s_ko_9b5d2ac8022c15f5,ko,mention_context,mention_context,옥자,그 사람 이름이 옥자였어.,그 사람 이름이 옥자였어,v4s_ko_9b5d2ac8022c15f5,v4s_ko_9b5d2ac8022c15f5,train,okja_original_scripts,project-owned original text
v4s_ko_2acf950e7201f03a,v4s_ko_2acf950e7201f03a,ko,mention_context,mention_context,옥자,우리 동네에도 옥자라는 분이 살았어.,우리 동네에도 옥자라는 분이 살았어,v4s_ko_2acf950e7201f03a,v4s_ko_2acf950e7201f03a,train,okja_original_scripts,project-owned original text
v4s_en_95f6abf9ca8deff6,v4s_en_95f6abf9ca8deff6,en,mention_context,mention_context,Okja,I watched Okja last night.,i watched okja last night,v4s_en_95f6abf9ca8deff6,v4s_en_95f6abf9ca8deff6,train,okja_original_scripts,project-owned original text
v4s_en_4e5be2b6272dac8a,v4s_en_4e5be2b6272dac8a,en,mention_context,mention_context,Okja,Have you heard the name Okja?,have you heard the name okja,v4s_en_4e5be2b6272dac8a,v4s_en_4e5be2b6272dac8a,validation,okja_original_scripts,project-owned original text
v4s_en_7fd6a0e1d71ce706,v4s_en_7fd6a0e1d71ce706,en,mention_context,mention_context,Okja,Her name was Okja.,her name was okja,v4s_en_7fd6a0e1d71ce706,v4s_en_7fd6a0e1d71ce706,train,okja_original_scripts,project-owned original text
v4s_en_72106b4e983b4656,v4s_en_72106b4e983b4656,en,mention_context,mention_context,Okja,We were talking about the movie Okja.,we were talking about the movie okja,v4s_en_72106b4e983b4656,v4s_en_72106b4e983b4656,train,okja_original_scripts,project-owned original text
v4s_ko_0406aa58588ee2d1,v4s_ko_0406aa58588ee2d1,ko,mention_context,device_playback,옥자,텔레비전에서 옥자야라고 말했어.,텔레비전에서 옥자야라고 말했어,v4s_ko_0406aa58588ee2d1,v4s_ko_0406aa58588ee2d1,train,okja_original_scripts,project-owned original text
v4s_ko_a3d40e87f9be95ab,v4s_ko_a3d40e87f9be95ab,ko,mention_context,device_playback,옥자,영상 속 인물이 옥자를 불렀어.,영상 속 인물이 옥자를 불렀어,v4s_ko_a3d40e87f9be95ab,v4s_ko_a3d40e87f9be95ab,train,okja_original_scripts,project-owned original text
v4s_ko_45e0649c00384c56,v4s_ko_45e0649c00384c56,ko,mention_context,device_playback,옥자,스피커 광고에서 헤이 옥자라고 들렸어.,스피커 광고에서 헤이 옥자라고 들렸어,v4s_ko_45e0649c00384c56,v4s_ko_45e0649c00384c56,validation,okja_original_scripts,project-owned original text
v4s_en_39723509447964ae,v4s_en_39723509447964ae,en,mention_context,device_playback,Okja,The television character said Hey Okja.,the television character said hey okja,v4s_en_39723509447964ae,v4s_en_39723509447964ae,train,okja_original_scripts,project-owned original text
v4s_en_d22e61612039de5d,v4s_en_d22e61612039de5d,en,mention_context,device_playback,Okja,The video called out Okja by name.,the video called out okja by name,v4s_en_d22e61612039de5d,v4s_en_d22e61612039de5d,train,okja_original_scripts,project-owned original text
v4s_en_706b644aab05b420,v4s_en_706b644aab05b420,en,mention_context,device_playback,Okja,The speaker advertisement said Okay Okja.,the speaker advertisement said okay okja,v4s_en_706b644aab05b420,v4s_en_706b644aab05b420,validation,okja_original_scripts,project-owned original text
v4s_ko_7d24d9941db80a73,v4s_ko_7d24d9941db80a73,ko,hard_negative,truncated_wake,,옥...,옥,v4s_ko_7d24d9941db80a73,v4s_ko_7d24d9941db80a73,train,okja_original_scripts,project-owned original text
v4s_ko_b6fc29aef1d84b52,v4s_ko_b6fc29aef1d84b52,ko,hard_negative,truncated_wake,,"옥자, 아니 잠깐.",옥자 아니 잠깐,v4s_ko_b6fc29aef1d84b52,v4s_ko_b6fc29aef1d84b52,validation,okja_original_scripts,project-owned original text
v4s_ko_8844234054d02032,v4s_ko_8844234054d02032,ko,hard_negative,truncated_wake,,헤이 옥... 됐어.,헤이 옥 됐어,v4s_ko_8844234054d02032,v4s_ko_8844234054d02032,train,okja_original_scripts,project-owned original text
v4s_en_379f9809398b1d12,v4s_en_379f9809398b1d12,en,hard_negative,truncated_wake,,Ok...,ok,v4s_en_379f9809398b1d12,v4s_en_379f9809398b1d12,train,okja_original_scripts,project-owned original text
v4s_en_5315ccdd73587956,v4s_en_5315ccdd73587956,en,hard_negative,truncated_wake,,"Okja, no, wait.",okja no wait,v4s_en_5315ccdd73587956,v4s_en_5315ccdd73587956,train,okja_original_scripts,project-owned original text
v4s_en_816fadeda13b7126,v4s_en_816fadeda13b7126,en,hard_negative,truncated_wake,,Hey Ok... never mind.,hey ok never mind,v4s_en_816fadeda13b7126,v4s_en_816fadeda13b7126,train,okja_original_scripts,project-owned original text
v4s_ko_8f0f1e0ec545c93b,v4s_ko_8f0f1e0ec545c93b,ko,hard_negative,near_miss_wake,,옥차 불러 줘.,옥차 불러 줘,v4s_ko_8f0f1e0ec545c93b,v4s_ko_8f0f1e0ec545c93b,train,okja_original_scripts,project-owned original text
v4s_ko_5eabf9e1c934d6b8,v4s_ko_5eabf9e1c934d6b8,ko,hard_negative,near_miss_wake,,목자야 이리 와.,목자야 이리 와,v4s_ko_5eabf9e1c934d6b8,v4s_ko_5eabf9e1c934d6b8,train,okja_original_scripts,project-owned original text
v4s_ko_c1bd5723df5fedcf,v4s_ko_c1bd5723df5fedcf,ko,hard_negative,near_miss_wake,,독자야 질문 있어.,독자야 질문 있어,v4s_ko_c1bd5723df5fedcf,v4s_ko_c1bd5723df5fedcf,train,okja_original_scripts,project-owned original text
v4s_ko_ae833034afaffd07,v4s_ko_ae833034afaffd07,ko,hard_negative,near_miss_wake,,옥수야 전화해 줘.,옥수야 전화해 줘,v4s_ko_ae833034afaffd07,v4s_ko_ae833034afaffd07,train,okja_original_scripts,project-owned original text
v4s_en_07ac1bf16c636d73,v4s_en_07ac1bf16c636d73,en,hard_negative,near_miss_wake,,"Okay Josh, let's go.",okay josh let s go,v4s_en_07ac1bf16c636d73,v4s_en_07ac1bf16c636d73,train,okja_original_scripts,project-owned original text
v4s_en_3cd83a843208168c,v4s_en_3cd83a843208168c,en,hard_negative,near_miss_wake,,"Hey Oscar, come here.",hey oscar come here,v4s_en_3cd83a843208168c,v4s_en_3cd83a843208168c,train,okja_original_scripts,project-owned original text
v4s_en_0c768cdae5507db1,v4s_en_0c768cdae5507db1,en,hard_negative,near_miss_wake,,"Okay Jack, call me.",okay jack call me,v4s_en_0c768cdae5507db1,v4s_en_0c768cdae5507db1,train,okja_original_scripts,project-owned original text
v4s_en_717e62eea78707e5,v4s_en_717e62eea78707e5,en,hard_negative,near_miss_wake,,"Hey Roger, your turn.",hey roger your turn,v4s_en_717e62eea78707e5,v4s_en_717e62eea78707e5,train,okja_original_scripts,project-owned original text
